clave_sitio,clave_de_monitoreo,nombre_del_sitio,tipo_cuerpo_de_agua,fecha_realización,año,alc_fen,alc_tot,co3,hco3,clorof_a,coli_fec,coli_tot,e_coli,cot,cot_sol,dbo_sol,dbo_tot,dqo_sol,dqo_tot,n_nh3,n_no2,n_no3,n_org,n_tot,n_totk,tox_d_48_ut,tox_d_48_sup_ut,tox_d_48_fon_ut,tox_fis_sup_15_ut,tox_fis_sup_30_ut,tox_fis_sup_5_ut,tox_fis_fon_15_ut,tox_fis_fon_30_ut,tox_fis_fon_5_ut,tox_v_15_ut,tox_v_30_ut,tox_v_5_ut,p_tot,po4_tot,orto_po4,color_ver,transparencia,abs_uv,sdt,conduc_campo,conduc_campo_sup,conduc_campo_med,conduc_campo_fon,ph_campo,ph_campo_sup,ph_campo_med,ph_campo_fon,od__,od_mg_l,od___sup,od_mg_l_sup,od___med,od_mg_l_med,cloruros_tot,fe_tot,mn_tot,saam,so4_tot,sst,triclorofluorometano,turbiedad,as_tot,cd_tot,cr_tot,hg_tot,ni_tot,pb_tot,cn_tot,pot_redox_campo_fon,pot_redox_campo_med,pot_redox_campo_sup,ca_tot,dur_tot,temp_amb,temp_agua,temp_agua_sup,temp_agua_med,temp_agua_fon,temp_agua_0_5,temp_agua_1,temp_agua_2,profundidad,caudal,nombre_del_sitio_sitio,estado,latitud,longitud,clasificacion_cdmx,temp_amb_raw,temp_agua_raw,fecha_realizacion
DLGUE1341,DLGUE1341-211012,CUTZAMALA AGUAS ABAJO DE ALTAMIRANO,LÓTICO,41199,2012.0,,,,,,2755,24196,30,4.3818,4.1484,,,,,<0.0035,<0.005,0.2641,0.3,0.5641,0.3,<1,,,,,,,,,<1,<1,<1,0.875,,<0.0015,55,,,,,,,,7.9,,,,79.2,6,,,,,,,,,,40,,37,0.005,<0.001301,<0.0012,0.0018,<0.00042,<0.00154,,,,,,117.02,27.7,31.149599999999992,,,,,,,,6511,CUTZAMALA AGUAS ABAJO DE ALTAMIRANO,MICHOACÁN DE OCAMPO,18.36854,-100.67169,cutzamala_rio,27.7,36.0,
DLGUE1341,DLGUE1341-210413,CUTZAMALA AGUAS ABAJO DE ALTAMIRANO,LÓTICO,41382,2013.0,,,,,,20,31,20,5.6,4.6,4,12,<10,33.75,0.24,0.18,0.075,0.24,0.735,0.48,<1,,,,,<1,,,,<1,<1,,0.0138,,<0.0015,,,,311.68,487,,,,7.45,,,,118.03,8.67,,,,,,,,,,35,,4,<0.0015,<0.001301,<0.0012,0.0016,<0.00042,<0.00154,,,,,,147.53,36.0,28.92,,,,,,,,4409.31,CUTZAMALA AGUAS ABAJO DE ALTAMIRANO,MICHOACÁN DE OCAMPO,18.36854,-100.67169,cutzamala_rio,36.0,28.92,
DLGUE1341,DLGUE1341-131013,CUTZAMALA AGUAS ABAJO DE ALTAMIRANO,LÓTICO,41558,2013.0,,,,,,19863,>24196,15531,7.418,6.971,2.13,3.33,42.984,50.148,0.121,0.01,0.564,1.094,1.7890000000000001,1.215,<1,,,,,,,,,2.34,2.77,,0.373,,0.044,100,,0.126,170.88,267,,,,8.72,,,,118.3,,,,,,,,,0.22,,440,,250,<0.0015,<0.001301,0.035,0.001,0.021,<0.00154,,,,,,182.094,29.1,28.0,,,,,,,,34560,CUTZAMALA AGUAS ABAJO DE ALTAMIRANO,MICHOACÁN DE OCAMPO,18.36854,-100.67169,cutzamala_rio,29.1,28.0,
DLGUE1341,DLGUE1341-090214,CUTZAMALA AGUAS ABAJO DE ALTAMIRANO,LÓTICO,41681,2014.0,,,,,,>24196,>24196,4611,14.7,9.45,3,14,16,41,0.17,0.01,0.18,0.2,0.56,0.37,<1,,,,,,,,,<1,<1,,0.11,,0.03,7.5,,0.084,240,375,,,,7.55,,,,105.2,8.52,,,,,,,,0.067,,14.3,,5.3,<0.0015,<0.001301,<0.0012,9.5e-05,<0.00042,<0.00154,0.03,,,,,206,30.0,29.3,,,,,,,,8646,CUTZAMALA AGUAS ABAJO DE ALTAMIRANO,MICHOACÁN DE OCAMPO,18.36854,-100.67169,cutzamala_rio,30.0,29.3,
DLGUE1341,DLGUE1341-300314,CUTZAMALA AGUAS ABAJO DE ALTAMIRANO,LÓTICO,41718,2014.0,,,,,,19863,>24196,233,2.067,1.887,3.6,5.1,15.26,51.73,0.337,0.013,0.298,0.242,0.89,0.579,<1,,,,,,,,,<1,<1,,0.137,,0.061,5,,0.106,270.72,423,,,,8.2,,,,97.8,6.9,,,,,,,,0.167,,<10,,2.7,<0.0015,<0.001301,<0.0012,0.00014,<0.00042,<0.00154,0.004,,,,,176,30.5,30.1,,,,,,,,6343,CUTZAMALA AGUAS ABAJO DE ALTAMIRANO,MICHOACÁN DE OCAMPO,18.36854,-100.67169,cutzamala_rio,30.5,30.1,
DLGUE1341,DLGUE1341-110514,CUTZAMALA AGUAS ABAJO DE ALTAMIRANO,LÓTICO,41821,2014.0,,,,,,1500,>2400,150,8.16,6.12,<2,2.7,17.7,95.56,0.103,0.04,0.07,0.352,0.565,0.45499999999999996,<1,,,,,,,,,<1,,<1,1.045,,0.455,190,,0.17,182.4,285,,,,8.0,,,,,,,,,,,,,0.15,,545,,280,0.0053,<0.001301,<0.0012,0.0009,<0.00042,<0.00154,<0.001,,,,,160,30.0,27.9,,,,,,,,4927465,CUTZAMALA AGUAS ABAJO DE ALTAMIRANO,MICHOACÁN DE OCAMPO,18.36854,-100.67169,cutzamala_rio,30.0,27.9,
DLGUE1341,DLGUE1341-220614,CUTZAMALA AGUAS ABAJO DE ALTAMIRANO,LÓTICO,41856,2014.0,,,,,,1500,>2400,150,3.648,2.697,<2,2.4,<10,<10,0.124,0.03,0.73,0.235,1.119,0.359,<1,,,,,,,,,<1,,<1,0.117,,0.106,41,,0.12,129.92000000000002,203,,,,8.1,,,,91.1,6.8,,,,,,,,<0.01,,100,,35,0.0037,<0.001301,<0.0012,0.0035,<0.00042,<0.00154,<0.001,,,,,106,31.0,28.8,,,,,,,,4409.3,CUTZAMALA AGUAS ABAJO DE ALTAMIRANO,MICHOACÁN DE OCAMPO,18.36854,-100.67169,cutzamala_rio,31.0,28.8,
DLGUE1341,DLGUE1341-280517,CUTZAMALA AGUAS ABAJO DE ALTAMIRANO,LÓTICO,42887,2017.0,,,,,,>24196,>24196,15531,3.417,3.315,<2,4.26,<10,<10,0.29113,0.00975,0.20942,0.24633,0.7566299999999999,0.53746,<1,,,,,,,,,<1,<1,,0.17113,,0.15315,10,,0.077,318.72,498,,,,7.8,,,,85.3,6.3,,,,,,,,0.058,,10.5,,8.1,<0.0015,<0.001301,0.0049,<0.0002013,<0.00042,<0.00154,0.0014,,,,,177.79,29.0,29.6,,,,,,,,,CUTZAMALA AGUAS ABAJO DE ALTAMIRANO,MICHOACÁN DE OCAMPO,18.36854,-100.67169,cutzamala_rio,29.0,29.6,
DLGUE1343,DLGUE1343-100313,LAS QUERENDAS (RIO CUTZAMALA),LÓTICO,41337,2013.0,,,,,,<3,20,<3,2.7,2.68,6,18,16.3,47.21,0.36,0.093,<0.031,0.24,0.693,0.6,<1,,,,,<1,,,,<1,<1,,<0.0014,<0.00306,0.03,34,,,246.4,385,,,,8.09,,,,98.55,7.44,,,,,,,,,,20,,<2.5,<0.0015,<0.001301,<0.0012,<0.0002013,<0.00042,<0.00154,,,,,,356.04,32.0,28.3,,,,,,,,18593.73,LAS QUERENDAS (RIO CUTZAMALA),GUERRERO,18.371503,-100.629106,cutzamala_rio,32.0,28.3,
DLGUE1343,DLGUE1343-210413,LAS QUERENDAS (RIO CUTZAMALA),LÓTICO,41379,2013.0,,,,,,5172,5794,428,6.44,4.49,4,12,20.45,50.02,0.3,0.905,0.3792,0.24,1.8242,0.54,<1,,,,,<1,,,,<1,<1,,<0.0014,<0.00306,<0.0015,22,,,310.40000000000003,485,,,,7.85,,,,95.7,6.61,,,,,,,,,,25,,<2.5,<0.0015,<0.001301,<0.0012,0.0041,<0.00042,<0.00154,,,,,,130.7,36.0,31.149599999999992,,,,,,,,3258.22,LAS QUERENDAS (RIO CUTZAMALA),GUERRERO,18.371503,-100.629106,cutzamala_rio,36.0,31.29,
DLGUE1343,DLGUE1343-020613,LAS QUERENDAS (RIO CUTZAMALA),LÓTICO,41449,2013.0,,,,,,3255,9804,189,<0.103,<0.103,12,34,22.83,66.33,3.81,0.047,1.0275,1.49,6.3745,5.3,<1,,,,,,,,,,,,<0.0014,<0.00306,<0.0015,320,,,253.44,396,,,,7.82,,,,117.63,8.45,,,,,,,,,,139,,140,<0.0015,<0.001301,<0.0012,<0.0002013,<0.00042,0.008,,,,,,166.8,36.0,30.02,,,,,,,,20774.91,LAS QUERENDAS (RIO CUTZAMALA),GUERRERO,18.371503,-100.629106,cutzamala_rio,40.0,30.02,
DLGUE1343,DLGUE1343-131013,LAS QUERENDAS (RIO CUTZAMALA),LÓTICO,41557,2013.0,,,,,,>24196,>24196,11199,6.054,3.091,2.17,2.53,27.86,50.944,0.104,0.017,0.861,1.409,2.391,1.5130000000000001,<1,,,,,,,,,<1,<1,,0.394,,0.031,125,,0.122,182.4,285,,,,8.6,,,,,,,,,,,,,0.254,,335,,197.5,<0.0015,0.001,0.025,0.002,0.016,<0.00154,<0.001,,,,,147.312,31.6,28.1,,,,,,,,81592,LAS QUERENDAS (RIO CUTZAMALA),GUERRERO,18.371503,-100.629106,cutzamala_rio,31.6,28.1,
DLGUE1343,DLGUE1343-031113,LAS QUERENDAS (RIO CUTZAMALA),LÓTICO,41581,2013.0,,,,,,14136,>24196,10462,8.338,3.022,2.43,3.31,29.088,43.632,0.154,0.015,0.751,0.559,1.479,0.7130000000000001,<1,,,,,,,,,<1,<1,,0.229,,0.042,100,,0.153,188.16,294,,,,7.93,,,,56.5,4.44,,,,,,,,0.35,,185,,140,<0.0015,<0.001301,0.014,,0.016,<0.00154,<0.001,,,,,142.936,25.1,27.0,,,,,,,,80926,LAS QUERENDAS (RIO CUTZAMALA),GUERRERO,18.371503,-100.629106,cutzamala_rio,25.1,27.0,
DLGUE1343,DLGUE1343-090214,LAS QUERENDAS (RIO CUTZAMALA),LÓTICO,41681,2014.0,,,,,,14136,15531,144,12.288,12.288,4.35,11.85,12.18,52.78,0.126,0.005,0.228,0.164,0.523,0.29000000000000004,<1,,,,,,,,,<1,<1,,0.085,,0.037,7.5,,0.081,209.28,327,,,,7.83,,,,119.4,9.37,,,,,,,,0.024,,15.25,,3.6,<0.0015,<0.001301,<0.0012,<0.0002013,<0.00042,<0.00154,0.042,,,,,174.81,30.0,28.69,,,,,,,,27244.5,LAS QUERENDAS (RIO CUTZAMALA),GUERRERO,18.371503,-100.629106,cutzamala_rio,30.0,28.69,
DLGUE1343,DLGUE1343-110514,LAS QUERENDAS (RIO CUTZAMALA),LÓTICO,41821,2014.0,,,,,,>24000,>2400,>2400,5.92,5.88,2.8,3.1,10.62,94.67,0.131,0.04,0.08,0.312,0.563,0.443,<1,,,,,,,,,<1,,<1,0.578,,0.107,240,,0.19,183.04,286,,,,7.8,,,,,,,,,,,,,0.09,,590,,290,<0.0015,<0.001301,<0.0012,0.001,<0.00042,<0.00154,<0.001,,,,,110,31.0,27.6,,,,,,,,18593.7,LAS QUERENDAS (RIO CUTZAMALA),GUERRERO,18.371503,-100.629106,cutzamala_rio,31.0,27.6,
DLGUE1343,DLGUE1343-220614,LAS QUERENDAS (RIO CUTZAMALA),LÓTICO,41856,2014.0,,,,,,>24000,>2400,>2400,3.63,2.858,<2,2.2,<10,<10,0.129,<0.005,0.68,1.115,1.924,1.244,<1,,,,,,,,,<1,,<1,0.226,,0.119,38,,0.11,131.2,205,,,,8.2,,,,96.8,7.3,,,,,,,,0.07,,76,,29,0.0038,<0.001301,<0.0012,0.0072,<0.00042,<0.00154,<0.001,,,,,123,32.0,28.9,,,,,,,,9051.8,LAS QUERENDAS (RIO CUTZAMALA),GUERRERO,18.371503,-100.629106,cutzamala_rio,32.0,28.9,
DLGUE1343,DLGUE1343-140615,LAS QUERENDAS (RIO CUTZAMALA),LÓTICO,42248,2015.0,,,,,,4600,11000,2400,3.829,3.659,<2,2.31,29.29,45,0.149,0.028,0.429,1.029,1.6349999999999998,1.178,<1,,,,,,,,,<1,,<1,0.379,,0.152,250,,0.408,120.32000000000001,188,,,,7.8,,,,55.1,4.39,,,,,,,,0.08,,400,,455,<0.0015,<0.001301,0.0176,<0.0002013,0.0141,0.0263,<0.001,,,,,102,28.3,27.6,,,,,,,,,LAS QUERENDAS (RIO CUTZAMALA),GUERRERO,18.371503,-100.629106,cutzamala_rio,28.3,27.6,
DLGUE1343,DLGUE1343-040916,LAS QUERENDAS (RIO CUTZAMALA),LÓTICO,42612,2016.0,,,,,,>24000,>24000,4600,4.226,4.158,<2,5.51,<10,87.36,0.031,0.033,0.911,0.604,1.5790000000000002,0.635,<1,,,,,,,,,<1,,<1,0.26,,0.069,300,,0.191,162.24,253.5,,,,7.6,,,,56.6,4.37,,,,,,,,<0.01,,671.43,,808,0.0238,<0.001301,0.01748,<0.0002013,0.02287,0.01975,<0.001,,,,,156,33.0,28.8,,,,,,,,,LAS QUERENDAS (RIO CUTZAMALA),GUERRERO,18.371503,-100.629106,cutzamala_rio,33.0,28.8,
DLGUE1343,DLGUE1343-230717,LAS QUERENDAS (RIO CUTZAMALA),LÓTICO,42934,2017.0,,,,,,4600,11000,2400,3.481,3.195,<2,2.6,12.89,45.04,0.085,0.033,0.508,0.045,0.671,0.13,<1,,,,,,,,,<1,,<1,0.051,,0.051,60,,0.085,244.48000000000002,382,,,,7.6,,,,64,4.7,,,,,,,,<0.01,,172.73,,154,0.0119,<0.001301,0.00787,<0.0002013,0.00513,0.00804,<0.001,,,,,152,35.2,30.9,,,,,,,,,LAS QUERENDAS (RIO CUTZAMALA),GUERRERO,18.371503,-100.629106,cutzamala_rio,35.2,30.9,
DLGUE1343,DLGUE1343-100917,LAS QUERENDAS (RIO CUTZAMALA),LÓTICO,42983,2017.0,,,,,,2400,4600,930,8.415,5.595,<2,3,24.81,39.5,0.364,<0.005,0.604,0.288,1.256,0.6519999999999999,<1,,,,,,,,,<1,,<1,0.084,,0.081,100,,0.216,164.48,257,,,,7.3,,,,68,5.3,,,,,,,,0.062,,377.78,,310,<0.0015,<0.001301,0.01301,<0.0002013,0.01177,0.0224,<0.001,,,,,204,31.8,27.4,,,,,,,,,LAS QUERENDAS (RIO CUTZAMALA),GUERRERO,18.371503,-100.629106,cutzamala_rio,31.8,27.4,
DLGUE1343,DLGUE1343-290418,LAS QUERENDAS (RIO CUTZAMALA),LÓTICO,43214,2018.0,,,,,,<30,70,<30,3.701,3.229,<2,2.86,39.24,72.69,<0.0035,<0.005,0.351,0.023,0.374,0.023,<1,,,,,,,,,<1,<1,<1,0.095,,0.021,5,,0.032,333.44,521,,,,7.5,,,,63,5,,,,,,,,0.064,,<10,,3.93,0.0055,<0.001301,0.01054,<0.0002013,0.00408,<0.00154,<0.001,,,,,204,34.7,30.4,,,,,,,,5092.1,LAS QUERENDAS (RIO CUTZAMALA),GUERRERO,18.371503,-100.629106,cutzamala_rio,34.7,30.4,
DLGUE1343,DLGUE1343-200920,LAS QUERENDAS (RIO CUTZAMALA),LÓTICO,44091,2020.0,,,,,,>24000,,>24000,5.345,,,3.8,,58,<0.0035,<0.005,0.13,0.384,0.514,0.384,<1,,,,,,,,,<1,<1,,0.566,,0.342,120,,,181.76,284,,,,8.0,,,,69.7,5.22,,,,,,,,<0.01,,302,,727,<0.0015,<0.001301,0.01637,0.00095,0.00842,0.0082,<0.001,,,,,232,31.0,28.4,,,,,,,,,LAS QUERENDAS (RIO CUTZAMALA),GUERRERO,18.371503,-100.629106,cutzamala_rio,31.0,28.4,
DLGUE1391,DLGUE1391-041112,LAGO DE TUXPAN 1,LÉNTICO,41232,2012.0,,,,,,<3,,<3,,,2.7,14.2,,28.89,<0.0035,0.043,<0.031,0,0.043,<0.0035,,<1,,<1,,<1,,,,,,,<0.0014,<0.00306,<0.0015,20,0.18,,241.28,,377.0,,,,8.35,,,,,118.8,8.35,,,,,,,,96,,7,0.0022,0.00057,<0.0012,<0.0002013,<0.00042,<0.00154,,,,-25.0,,155.05,30.0,,,,,29.12,,,,,LAGO DE TUXPAN 1,GUERRERO,18.367303,-99.49746,cutzamala_tuxpan,30.0,,
DLGUE1391,DLGUE1391-220614,LAGO DE TUXPAN 1,LÉNTICO,41809,2014.0,,,,,3.99,4600,,93,9.066,5.992,<2,8.6,93.7,99.16,0.2,<0.005,0.031,0.459,0.6900000000000001,0.659,,<1,,<1,,<1,,,,,,,0.032,,<0.0015,10,0.4,0.098,327.68,,512.0,,,,7.95,,,,,86.3,5.84,,,,,,,,<10,,9.25,0.0025,<0.001301,<0.0012,<0.0002013,<0.00042,<0.00154,,,,-24.4,,100,24.6,,29.99,,,29.99,,,0.95,,LAGO DE TUXPAN 1,GUERRERO,18.367303,-99.49746,cutzamala_tuxpan,24.6,,
DLGUE1392,DLGUE1392-041112,LAGO DE TUXPAN 2,LÉNTICO,41232,2012.0,,,,,58.06,28,,4,,,,,,,<0.0035,<0.005,<0.031,0.92,0.92,0.92,,<1,,<1,,<1,,,,,,,<0.0014,<0.00306,<0.0015,10,0.4,,211.84,,331.0,334,,,8.19,8.18,,,,94.6,6.67,91.2,6.45,,,,,,20,,4,0.0037,0.001121,<0.0012,<0.0002013,<0.00042,0.005,,,-35.3,-34.4,,132.56,34.0,,,,,29.09,28.95,,,,LAGO DE TUXPAN 2,GUERRERO,18.358193,-99.481937,cutzamala_tuxpan,34.0,,
DLGUE1392,DLGUE1392-280713,LAGO DE TUXPAN 2,LÉNTICO,41485,2013.0,,,,,11.498,93,,11,5.325,5.126,3.2,21.3,11.52,23.04,0.174,<0.005,<0.031,0.486,0.6599999999999999,0.6599999999999999,,<1,<1,<1,,<1,<1,,<1,,,,0.036,,0.064,<5,0.4,0.113,241.28,,377.0,377,377,,8.52,,8.65,,,80.4,5.5,,,,,,,,38,,11.5,0.003,<0.001301,<0.0012,<0.0002013,0.0013,<0.00154,,-30.8,-32.1,-34.3,,118.36,32.4,,30.2,30.2,30.1,30.2,30.1,,,,LAGO DE TUXPAN 2,GUERRERO,18.358193,-99.481937,cutzamala_tuxpan,32.4,,
GCALNR00005,GCALNR00005-240822,ARCO SAN NICOLAS TOTOLAPAN,LÓTICO,44797,2022.0,,,,,,47860000,141360000,38770000,155.8,96.38,209,420,122.68,770.08,65,,,15.4,,80.4,,,,,,,,,,,,,9.25,,7.76,100,,,563.1,1048,,,,8.7,,,,,<1,,,,,,,,5.8383,,206.7,,279,<0.002,<0.001,<0.002,<0.0001,<0.002,0.016,<0.003,,,,,115.8,25.41855909252795,18.0,,,,,,,,,ARCO SAN NICOLAS TOTOLAPAN,CIUDAD DE MÉXICO,19.300092,-99.23317,cdmx_local,,18.0,
GCALNR00007,GCALNR00007-290622,RÍO ESLAVA,LÓTICO,44741,2022.0,,,,,,28510000,68670000,27550000,<3.28,<3.28,16.2,35.2,26.9,35.2,9.33,,,2.11,,11.44,,,,,,,,,,,,,1.11,,0.9446,50,,,216,423,,,,7.85,,,,,,,,,,,,,1.3,,10,,8,<0.002,<0.001,<0.002,<0.0001,<0.002,<0.002,<0.003,,,,,106.1115,25.398110302925758,21.0,,,,,,,,,RÍO ESLAVA,CIUDAD DE MÉXICO,19.286795,-99.241082,cdmx_local,,21.0,
OCAVM0010RNL21,OCAVM0010RNL21-90221,EMISOR DEL PONIENTE PORTAL DE SALIDA,LÓTICO,44236,2021.0,,,,,,<1,<1,,,,,324,,648.45,,<0.021,,,,,,,,,,,,,,,,,,,,,,,826,1446,,,,7.42,,,,,<1,,,,,190.58,0.05,0.171,5.99,29.22,88,,,,,,,,,,,,,52.21,261.04,24.0,21.5,,,,,,,,,EMISOR DEL PONIENTE PORTAL DE SALIDA,CIUDAD DE MÉXICO,19.4399194444444,-99.1905305555555,cdmx_local,24.0,21.5,
OCAVM0010RNL21,OCAVM0010RNL21-110521,EMISOR DEL PONIENTE PORTAL DE SALIDA,LÓTICO,44327,2021.0,,,,,,<1,<1,,,,,168,,323.08,,<0.021,,,,,,,,,,,,,,,,,,,,,,,796,1413,,,,7.6,,,,,<1,,,,,180.55,0.34,0.87,5.45,57.95,48,,,,,,,,,,,,,55.42,261.04,24.0,25.2,,,,,,,,,EMISOR DEL PONIENTE PORTAL DE SALIDA,CIUDAD DE MÉXICO,19.4399194444444,-99.1905305555555,cdmx_local,24.0,25.2,
OCAVM0018LNR,OCAVM0018LNR-211123,RÍO ESLAVA 1,LÓTICO,45251,2023.0,,,,,,90900000,,44100000,,,,510,,746,,,,,,,,,,,,,,,,,,,,,,,,,,,,,,,,,,,,,,,,,,,,,,,,,,,,,,,,,,,,26.241914766055014,,,,,,,,,,RÍO ESLAVA 1,CIUDAD DE MÉXICO,19.266923,-99.246023,cdmx_local,,,
OCAVM0021LNR,OCAVM0021LNR-111223,SEGUNDO DINAMO,LÓTICO,45271,2023.0,,,,,,233,9208,200,,,,,,,,,,,,,,,,,,,,,,,,,,,,,,,,98,,,,6.3,,,,,8.13,,,,,,,,,,,,6,<0.002,<0.001,<0.002,<0.0001,<0.002,<0.002,,,,,,,26.263382510679687,9.0,,,,,,,,,SEGUNDO DINAMO,CIUDAD DE MÉXICO,19.28492,-99.27334,cdmx_local,,9.0,
OCAVM2685,OCAVM2685-220215,SISTEMA LACUSTRE EJIDOS DE XOCHIMILCO Y SAN GREGORIO ATLAPULCO 2,LÉNTICO (HUMEDAL),42286,2015.0,,,,,19.5154,4600,,4600,47.28,35.966,<2,2.4,80.19,95.95,0.123462,0.021632,0.041081,3.919339,4.105514,4.042801,,<1,,<1,,<1,,,,,,,1.514293,,1.342119,150,0.4,1.2545,861.44,,1346.0,,,,7.1,,,,,,,,,,,,,,<10,,5.2,<0.0015,0.000413,0.006533,<0.0002013,0.004021,<0.00154,,,,-211.9,,398.07,19.7,,16.6,,,16.6,,,0.6,,SISTEMA LACUSTRE EJIDOS DE XOCHIMILCO Y SAN GREGORIO ATLAPULCO 2,CIUDAD DE MÉXICO,19.2832,-99.079433,cdmx_local,19.7,,
OCAVM2685,OCAVM2685-080516,SISTEMA LACUSTRE EJIDOS DE XOCHIMILCO Y SAN GREGORIO ATLAPULCO 2,LÉNTICO (HUMEDAL),42500,2016.0,,,,,,430,,240,27.92,14.71,3.6,14.4,33.44,55.57,1.682836,0.027065,1.141831,6.59268,9.444412,8.275516,,<1,,2.1,,2.3,,,,,,,2.540763,,2.492041,40,0.3,0.4292,522.24,,816.0,,,,7.2,,,,,13.5,1.1,,,,,,,,117,,62.7,0.0183,<0.001301,<0.0012,0.000255,0.004222,<0.00154,,,,202.3,,187.6,27.8,,18.8,,,18.8,,,1,,SISTEMA LACUSTRE EJIDOS DE XOCHIMILCO Y SAN GREGORIO ATLAPULCO 2,CIUDAD DE MÉXICO,19.2832,-99.079433,cdmx_local,27.8,,
OCAVM2685,OCAVM2685-161016,SISTEMA LACUSTRE EJIDOS DE XOCHIMILCO Y SAN GREGORIO ATLAPULCO 2,LÉNTICO (HUMEDAL),42593,2016.0,,,,,206.0989,19863,,573,17.12,14.38,2.8,11,59.54,65.46,2.872523,0.22487,3.319757,1.264767,7.681917,4.13729,,<1,,<1,,<1,,,,,,,2.625598,,2.548888,100,0.2,0.5268,309.12,,483.0,,,,7.7,,,,,110.6,7.5,,,,,,,,38,,13.908,<0.0015,<0.001301,<0.0012,<0.0002013,0.002891,<0.00154,,,,151.5,,227.74,26.3,,21.8,,,21.8,,,0.9,,SISTEMA LACUSTRE EJIDOS DE XOCHIMILCO Y SAN GREGORIO ATLAPULCO 2,CIUDAD DE MÉXICO,19.2832,-99.079433,cdmx_local,26.3,,
OCAVM2685,OCAVM2685-190317,SISTEMA LACUSTRE EJIDOS DE XOCHIMILCO Y SAN GREGORIO ATLAPULCO 2,LÉNTICO (HUMEDAL),42809,2017.0,,,,,31.2403,135,,20,4.86,4.149,<2,5.42,22.2,88.58,1.715116,0.272565,1.905925,2.707754,6.60136,4.42287,,<1,,<1,<1,,,,,,,,2.075281,,1.697534,60,0.2,0.26145,467.84000000000003,,731.0,,,,8.2,,,,,100.3,7.3,,,,,,,,27,,7,<0.0015,<0.001301,0.0049,0.000101,0.0065,<0.00154,,,,-51.2,,185.14,19.0,,18.1,,,18.1,,,0.8,,SISTEMA LACUSTRE EJIDOS DE XOCHIMILCO Y SAN GREGORIO ATLAPULCO 2,CIUDAD DE MÉXICO,19.2832,-99.079433,cdmx_local,19.0,,
OCAVM2685,OCAVM2685-060518,SISTEMA LACUSTRE EJIDOS DE XOCHIMILCO Y SAN GREGORIO ATLAPULCO 2,LÉNTICO (HUMEDAL),43224,2018.0,,,,,<0.1,1872,,332,12.74,12.34,6.59,10.58,21.3,212.92,0.225444,0.175782,3.620556,3.59962,7.621402,3.825064,,<1,,<1,<1,,,,,,,,2.530502,,2.503493,60,0.02,0.07535,503.68,,787.0,,,,8.0,,,,,72.3,5.1,,,,,,,,52,,12,<0.0015,<0.001301,0.0424,<0.0002013,0.0239,<0.00154,,,,149.0,,183.74,18.5,,19.0,,,19.0,,,0.5,,SISTEMA LACUSTRE EJIDOS DE XOCHIMILCO Y SAN GREGORIO ATLAPULCO 2,CIUDAD DE MÉXICO,19.2832,-99.079433,cdmx_local,18.5,,
OCAVM2685,OCAVM2685-231218,SISTEMA LACUSTRE EJIDOS DE XOCHIMILCO Y SAN GREGORIO ATLAPULCO 2,LÉNTICO (HUMEDAL),43452,2018.0,,,,,183.0113,988,,437,11.76,10.43,4.14,33.1,<10,33.83,4.980691,0.277256,2.869769,1.8872,10.014916,6.867891,,<1,,<1,<1,,,,,,,,7.20913,,1.931849,60,0.3,0.32163,436.48,,682.0,,,,8.2,,,,,51.5,3.8,,,,,,,,26.15,,4.4,<0.0015,<0.001301,0.0111,<0.0002013,0.0091,<0.00154,,,,,,213.57,26.2,,15.3,,,15.3,,,0.5,,SISTEMA LACUSTRE EJIDOS DE XOCHIMILCO Y SAN GREGORIO ATLAPULCO 2,CIUDAD DE MÉXICO,19.2832,-99.079433,cdmx_local,26.2,,
OCAVM2685,OCAVM2685-310319,SISTEMA LACUSTRE EJIDOS DE XOCHIMILCO Y SAN GREGORIO ATLAPULCO 2,LÉNTICO (HUMEDAL),43531,2019.0,,,,,157.7787,2481,,744,13.38,11.178,<2,19.7,<10,59.31,3.023507,0.468168,2.210755,3.86273,9.565159999999999,6.8862369999999995,,<1,,<1,<1,,,,,,,,1.980907,,1.535419,60,0.3,0.30533,504.32,,788.0,,,,8.7,,,,,>150,12.6,,,,,,,,38,,8.2,<0.0015,<0.001301,0.0057,<0.0002013,0.0066,0.014,,,,318.5,,187.7,27.8,,23.4,,,23.4,23.4,,0.8,,SISTEMA LACUSTRE EJIDOS DE XOCHIMILCO Y SAN GREGORIO ATLAPULCO 2,CIUDAD DE MÉXICO,19.2832,-99.079433,cdmx_local,27.8,,
OCAVM2685,OCAVM2685-120921,SISTEMA LACUSTRE EJIDOS DE XOCHIMILCO Y SAN GREGORIO ATLAPULCO 2,LÉNTICO (HUMEDAL),44449,2021.0,,,,,60.1513,230,,23,26.989,24.636,9,12.9,25.17,29.04,0.9234,1.0334,7.518,4.2777,13.752500000000001,5.2011,,<1,<1,<1,<1,,<1,<1,,,,,2.2488,,1.561,,0.39,,1000.32,,1563.0,,1910,,7.3,,7.2,,,98.9,6.8,,,,,,0.1706,,68,,32,<0.0015,<0.001301,,<0.0002013,<0.00042,<0.00154,,84,,83.0,,,24.0,,21.0,,20.2,21.0,20.2,,,,SISTEMA LACUSTRE EJIDOS DE XOCHIMILCO Y SAN GREGORIO ATLAPULCO 2,CIUDAD DE MÉXICO,19.2832,-99.079433,cdmx_local,24.0,,
OCAVM2685,OCAVM2685-210822,SISTEMA LACUSTRE EJIDOS DE XOCHIMILCO Y SAN GREGORIO ATLAPULCO 2,LÉNTICO (HUMEDAL),44791,2022.0,,,,,,>2400,,1100,,,,47.04,,59.02,,,,,,,,<1,,<1,<1,,,,,,,,,,,,0.46,,430.72,,673.0,,,,7.5,,,,,69.5,4.98,,,,,,,,16,,,,,,,,,,,,124.0,,,27.0,,21.0,,,21.0,21.0,,1.2,,SISTEMA LACUSTRE EJIDOS DE XOCHIMILCO Y SAN GREGORIO ATLAPULCO 2,CIUDAD DE MÉXICO,19.2832,-99.079433,cdmx_local,27.0,,
OCAVM2686,OCAVM2686-211012,POZO RN-11 AV. LEANDRO VALLE S/N. COL. DEL MAR,SUBTERRÁNEO,41222,2012.0,<25,210.92,0,210.92,,<3,,,,,,,,,<0.0035,<0.005,0.238,0,0.238,<0.0035,,,,,,,,,,,,,<0.0014,<0.00306,,,,,308.48,482,,,,7.82,,,,,,,,,,37.79,<0.0041,<0.00021,,<1.9,,,,0.007,,,,,,,,,,17.28,111.4,25.569411989295414,22.82,,,,,,,,,POZO RN-11 AV. LEANDRO VALLE S/N. COL. DEL MAR,CIUDAD DE MÉXICO,19.28548,-99.06975,cdmx_local,,22.82,
OCAVM2686,OCAVM2686-170313,POZO RN-11 AV. LEANDRO VALLE S/N. COL. DEL MAR,SUBTERRÁNEO,41421,2013.0,<25,194.75,0,194.75,,<3,,,,,,,,,0.038,<0.005,<0.031,0.132,0.17,0.17,,,,,,,,,,,,,0.093,0.28458,,,,,360.96,564,,,,7.25,,,,,,,,,,47.84,<0.0041,<0.00021,,12.1,,,,<0.0015,,,<0.0002013,,,,,,,18.28,155.2,23.6,21.6,,,,,,,,,POZO RN-11 AV. LEANDRO VALLE S/N. COL. DEL MAR,CIUDAD DE MÉXICO,19.28548,-99.06975,cdmx_local,23.6,21.6,
OCAVM2686,OCAVM2686-040514,POZO RN-11 AV. LEANDRO VALLE S/N. COL. DEL MAR,SUBTERRÁNEO,41759,2014.0,<25,192.5,0,192.5,,<3,,,0.572,,,,,,0.096,<0.005,0.1,0.5,0.696,0.596,,,,,,,,,,,,,0.131,0.40086000000000005,,,,<0.009,400,515,,,,7.7,,,,,,,,,,34.2,<0.0041,0.0026,0.161,<1.9,,<0.0002,,0.0051,<0.001301,0.0027,<0.0002013,,<0.00154,,,,,17.01,164.2,21.2,23.5,,,,,,,,,POZO RN-11 AV. LEANDRO VALLE S/N. COL. DEL MAR,CIUDAD DE MÉXICO,19.28548,-99.06975,cdmx_local,21.2,23.5,
OCAVM2686,OCAVM2686-010315,POZO RN-11 AV. LEANDRO VALLE S/N. COL. DEL MAR,SUBTERRÁNEO,42251,2015.0,<25,196.52,0,196.52,,<3,,,<0.103,,,,,,0.138301,0.032647,0.174575,0.13511,0.48063300000000003,0.273411,,,,,,,,,,,,,0.125632,0.38443392,,,,0.0141,342,496,,,,7.6,,,,,,,,,,44.12,0.012348,0.00278,0.0728,19.33,,<0.0002,,<0.0015,0.000441,<0.0012,<0.0002013,,0.002306,,,,,17.014,162.36,18.9,23.3,,,,,,,,,POZO RN-11 AV. LEANDRO VALLE S/N. COL. DEL MAR,CIUDAD DE MÉXICO,19.28548,-99.06975,cdmx_local,18.9,23.3,
OCAVM2686,OCAVM2686-040916,POZO RN-11 AV. LEANDRO VALLE S/N. COL. DEL MAR,SUBTERRÁNEO,42667,2016.0,<25,202.7,0,202.7,,<3,,,0.5481,,,,,,0.214754,<0.005,0.220295,0.159709,0.594758,0.374463,,,,,,,,,,,,,0.116951,0.35787006,,,,<0.009,322,47.8,,,,8.3,,,,,,,,,,45.66,0.012005,0.001439,<0.01,16.83,,<0.0002,,<0.0015,0.000564,<0.0012,<0.0002013,,0.008025,,,,,17.785,164.49,24.1,23.6,,,,,,,,,POZO RN-11 AV. LEANDRO VALLE S/N. COL. DEL MAR,CIUDAD DE MÉXICO,19.28548,-99.06975,cdmx_local,24.1,23.6,
OCAVM2686,OCAVM2686-190317,POZO RN-11 AV. LEANDRO VALLE S/N. COL. DEL MAR,SUBTERRÁNEO,42809,2017.0,<25,188.86,0,188.86,,<1,,,<0.103,,,,,,0.02945,<0.005,0.16303,0.13698,0.32946,0.16643,,,,,,,,,,,,,0.0994,0.304164,,,,<0.009,356,464,,,,7.9,,,,,,,,,,43.7099,0.0107,0.0044,0.02,16.4143,,<0.0002,,<0.0015,<0.001301,<0.0012,<0.0002013,,<0.00154,,,,,20.21,166.416,23.0,23.6,,,,,,,,,POZO RN-11 AV. LEANDRO VALLE S/N. COL. DEL MAR,CIUDAD DE MÉXICO,19.28548,-99.06975,cdmx_local,23.0,23.6,
OCAVM2686,OCAVM2686-130518,POZO RN-11 AV. LEANDRO VALLE S/N. COL. DEL MAR,SUBTERRÁNEO,43311,2018.0,<25,212.3,0,212.3,,<10,,,<0.103,,,,,,0.027092,<0.005,0.149578,0.11348,0.29015,0.140572,,,,,,,,,,,,,0.1055,0.32283,,,,<0.009,340,619,,,,7.59,,,,,,,,,,45.6029,0.0112,0.0045,0.016,13.0554,,<0.0002,,<0.0015,<0.001301,<0.0012,<0.0002013,,<0.00154,,,,,18.45,157.8876,17.6,21.5,,,,,,,,,POZO RN-11 AV. LEANDRO VALLE S/N. COL. DEL MAR,CIUDAD DE MÉXICO,19.28548,-99.06975,cdmx_local,17.6,21.5,
OCAVM2686,OCAVM2686-231218,POZO RN-11 AV. LEANDRO VALLE S/N. COL. DEL MAR,SUBTERRÁNEO,43455,2018.0,<25,210.37,0,210.37,,<10,,,0.1146,,,,,,0.012965,0.013164,0.334672,0.52032,0.881121,0.533285,,,,,,,,,,,,,0.1367,0.41830199999999995,,,,0.0093,338,444,,,,7.5,,,,,,,,,,40.9199,0.0362,0.0062,0.068,8.9739,,<0.0002,,<0.0015,<0.001301,<0.0012,<0.0002013,,<0.00154,,,,,23.39,171.4768,24.3,19.8,,,,,,,,,POZO RN-11 AV. LEANDRO VALLE S/N. COL. DEL MAR,CIUDAD DE MÉXICO,19.28548,-99.06975,cdmx_local,24.3,19.8,
OCAVM2686,OCAVM2686-300820,POZO RN-11 AV. LEANDRO VALLE S/N. COL. DEL MAR,SUBTERRÁNEO,44070,2020.0,<25,197.795,0,197.795,,<10,,,0.1542,,,,,,0.185086,<0.005,0.157267,0.05462,0.396973,0.239706,,,,,,,,,,,,,0.1236,0.378216,,,,<0.009,323.4,519,,,,8.0,,,,,,,,,,46.4856,0.0207,0.0031,0.011,8.2483,,<0.0002,,<0.0015,<0.001301,<0.0012,<0.0002013,<0.00042,<0.00154,<0.001,,,,20.09,161.1414,22.5,22.7,,,,,,,,,POZO RN-11 AV. LEANDRO VALLE S/N. COL. DEL MAR,CIUDAD DE MÉXICO,19.28548,-99.06975,cdmx_local,22.5,22.7,
OCAVM2687,OCAVM2687-211012,SISTEMA LACUSTRE EJIDOS DE XOCHIMILCO Y SAN GREGORIO ATLAPULCO 1,LÉNTICO (HUMEDAL),41214,2012.0,,,,,153.2,9,,9,197.1,102.2,6.9,11.7,178.11,263.3,1.01,<0.005,0.314,8.9,10.224,9.91,,<1,,1.03,,1.02,,,,,,,1.413,,2.824,300,0.3,2.7188,1962.24,,3066.0,3076,,,8.67,8.69,,,,21.5,1.46,15.6,1.08,,,,,,72,,27,0.0065,<0.001301,0.006235,<0.0002013,0.006264,<0.00154,,,7.0,21.6,,269.37,26.0,,,,,20.77,19.44,,,,SISTEMA LACUSTRE EJIDOS DE XOCHIMILCO Y SAN GREGORIO ATLAPULCO 1,CIUDAD DE MÉXICO,19.271862,-99.063868,cdmx_local,26.0,,
OCAVM2687,OCAVM2687-100313,SISTEMA LACUSTRE EJIDOS DE XOCHIMILCO Y SAN GREGORIO ATLAPULCO 1,LÉNTICO (HUMEDAL),41338,2013.0,,,,,9.402,4,,<3,103.7,91.5,2.8,15.6,196.08,235.3,0.06,<0.005,<0.031,19.69,19.75,19.75,,<1,<1,<1,,<1,<1,,<1,,,,1.165,,2.86,250,0.2,3.126,2035.2,,3180.0,3174,3176,,,,,,,,,,,,,,,,32,,23.7,<0.0015,0.00061,<0.0012,<0.0002013,<0.00042,<0.00154,,-92.7,-90.8,-70.7,,965.55,17.5,,16.44,16.1,15.54,16.44,15.54,,,,SISTEMA LACUSTRE EJIDOS DE XOCHIMILCO Y SAN GREGORIO ATLAPULCO 1,CIUDAD DE MÉXICO,19.271862,-99.063868,cdmx_local,17.5,,
OCAVM2687,OCAVM2687-210713,SISTEMA LACUSTRE EJIDOS DE XOCHIMILCO Y SAN GREGORIO ATLAPULCO 1,LÉNTICO (HUMEDAL),41474,2013.0,,,,,46.992,1100,,11,105.85,56.7,27.2,29.2,267.12,381.6,0.152,<0.005,0.047,8.828,9.027,8.979999999999999,,<1,<1,<1,,<1,<1,,<1,,,,1.782,,4.3354,125,0.2,2.444,1617.28,,2527.0,3329,3353,,,,,,,,,,,,,,,,92,,85.25,0.0052,<0.001301,0.0025,<0.0002013,0.0029,<0.00154,,-146.3,-129.6,-138.7,,677.98,22.5,,19.9,19.8,19.8,19.9,19.8,,,,SISTEMA LACUSTRE EJIDOS DE XOCHIMILCO Y SAN GREGORIO ATLAPULCO 1,CIUDAD DE MÉXICO,19.271862,-99.063868,cdmx_local,22.5,,
OCAVM2687,OCAVM2687-160214,SISTEMA LACUSTRE EJIDOS DE XOCHIMILCO Y SAN GREGORIO ATLAPULCO 1,LÉNTICO (HUMEDAL),41683,2014.0,,,,,62.33,<3,,<3,115.5,91.926,<2,3.3,217.95,326.14,0.11,0.048,<0.031,16.924,17.082,17.034,,<1,<1,<1,,<1,<1,,<1,,,,2.358,,1.843,250,0.15,2.741,1917.44,,2996.0,3003,3003,,8.72,8.7,8.7,,,37.8,2.79,34.4,2.55,,,,,,2452,,90.8,0.0038,<0.001301,0.002244,<0.0002013,0.007,<0.00154,,-12.1,-23.6,-31.0,,967.51,17.8,,16.75,16.6,16.43,16.75,16.6,16.43,3,,SISTEMA LACUSTRE EJIDOS DE XOCHIMILCO Y SAN GREGORIO ATLAPULCO 1,CIUDAD DE MÉXICO,19.271862,-99.063868,cdmx_local,17.8,,
OCAVM2687,OCAVM2687-150614,SISTEMA LACUSTRE EJIDOS DE XOCHIMILCO Y SAN GREGORIO ATLAPULCO 1,LÉNTICO (HUMEDAL),41802,2014.0,,,,,68.32,43,,23,,65.65,9,21.1,73.76,80.87,0.791,<0.005,0.075,2.775,3.641,3.566,,<1,,<1,,<1,,,,,,,2.927,,1.424,250,0.1,2.652,2481.92,,3878.0,,,,9.1,,,,,,,,,,,,,,14,,35.1,0.0056,<0.001301,0.0029,<0.0002013,0.0068,<0.00154,,,,21.0,,1101.7,22.4,,27.9,,,21.9,,,0.95,,SISTEMA LACUSTRE EJIDOS DE XOCHIMILCO Y SAN GREGORIO ATLAPULCO 1,CIUDAD DE MÉXICO,19.271862,-99.063868,cdmx_local,22.4,,
OCAVM2687,OCAVM2687-080516,SISTEMA LACUSTRE EJIDOS DE XOCHIMILCO Y SAN GREGORIO ATLAPULCO 1,LÉNTICO (HUMEDAL),42682,2016.0,,,,,27.5098,1500,,15,95.05,77.2,2.2,11.1,248.33,297.33,0.02565,0.019727,<0.031,6.084469,6.129846000000001,6.110119,,<1,,<1,,<1,,,,,,,0.663413,,0.185314,250,0.2,2.881,1975.68,,3087.0,,,,8.7,,,,,64.6,4.3,,,,,,,,28,,18.449,0.0085,<0.001301,<0.0012,<0.0002013,0.001801,<0.00154,,,,174.4,,1008.69,20.5,,19.3,,,19.3,,,0.9,,SISTEMA LACUSTRE EJIDOS DE XOCHIMILCO Y SAN GREGORIO ATLAPULCO 1,CIUDAD DE MÉXICO,19.271862,-99.063868,cdmx_local,20.5,,
OCAVM2687,OCAVM2687-060518,SISTEMA LACUSTRE EJIDOS DE XOCHIMILCO Y SAN GREGORIO ATLAPULCO 1,LÉNTICO (HUMEDAL),43224,2018.0,,,,,<0.1,>24196,,<10,222,123.26,4.21,10.04,256.67,287.92,0.253769,0.019927,0.082275,0.2467,0.6026710000000001,0.500469,,<1,,<1,<1,,<1,<1,,,,,0.228838,,0.228838,150,0.1,1.42829,2510.7200000000003,,3923.0,,,,9.0,,,,,80.7,4.9,,,,,,,,23,,14,<0.0015,<0.001301,0.025,<0.0002013,0.0156,<0.00154,,,,111.3,,1094.81,27.5,,,,,,20.6,,1,,SISTEMA LACUSTRE EJIDOS DE XOCHIMILCO Y SAN GREGORIO ATLAPULCO 1,CIUDAD DE MÉXICO,19.271862,-99.063868,cdmx_local,27.5,,
OCAVM2687,OCAVM2687-231218,SISTEMA LACUSTRE EJIDOS DE XOCHIMILCO Y SAN GREGORIO ATLAPULCO 1,LÉNTICO (HUMEDAL),43452,2018.0,,,,,7.2016,2010,,<100,129.4,113.3,<2,28.2,142.43,306.57,0.2077,0.013615,0.083701,6.4957,6.800716,6.7034,,<1,,<1,<1,,,,,,,,1.444092,,1.232654,200,0.3,1.09008,2188.8,,3420.0,,,,8.8,,,,,41.7,2.9,,,,,,,,16,,8.4,<0.0015,<0.001301,0.0042,<0.0002013,0.0025,<0.00154,,,,-130.4,,1120.44,26.4,,20.3,,,20.3,20.3,,1,,SISTEMA LACUSTRE EJIDOS DE XOCHIMILCO Y SAN GREGORIO ATLAPULCO 1,CIUDAD DE MÉXICO,19.271862,-99.063868,cdmx_local,26.4,,
OCAVM2687,OCAVM2687-310319,SISTEMA LACUSTRE EJIDOS DE XOCHIMILCO Y SAN GREGORIO ATLAPULCO 1,LÉNTICO (HUMEDAL),43532,2019.0,,,,,15.4472,241960,,<100,131.3,110.2,3.1,14.6,181,453.69,0.310961,0.005258,0.034412,7.83662,8.187251,8.147581,,<1,,<1,<1,,<1,<1,,,,,1.835364,,1.06809,300,0.5,3.79533,2604.8,,4070.0,,,,8.9,,,,,95.4,6,,,,,,,,26.47,,15,<0.0015,<0.001301,0.0084,<0.0002013,0.0102,0.0135,,,,294.4,,1168.93,26.6,,25.5,,,25.5,25.5,,1.2,,SISTEMA LACUSTRE EJIDOS DE XOCHIMILCO Y SAN GREGORIO ATLAPULCO 1,CIUDAD DE MÉXICO,19.271862,-99.063868,cdmx_local,26.6,,
OCAVM2687,OCAVM2687-260720,SISTEMA LACUSTRE EJIDOS DE XOCHIMILCO Y SAN GREGORIO ATLAPULCO 1,LÉNTICO (HUMEDAL),44035,2020.0,,,,,96.473,2790,,100,149.88,129.56,<2,57,77,616.63,0.056039,0.010865,0.061393,6.5112,6.6394969999999995,6.567239,,<1,,2.89,3.47,,,,,,,,1.002183,,0.041769,250,0.25,,2745.6,,4290.0,,4290,,9.5,,9.5,,,10,1,,,,,,0.485,,122,,50,0.0159,<0.001301,0.0011,<0.0002013,0.0083,<0.00154,,-351.6,,-266.4,,934.09,24.4,,24.3,,24.3,24.3,24.3,24.3,1.6,,SISTEMA LACUSTRE EJIDOS DE XOCHIMILCO Y SAN GREGORIO ATLAPULCO 1,CIUDAD DE MÉXICO,19.271862,-99.063868,cdmx_local,24.4,,
OCAVM2687,OCAVM2687-120921,SISTEMA LACUSTRE EJIDOS DE XOCHIMILCO Y SAN GREGORIO ATLAPULCO 1,LÉNTICO (HUMEDAL),44450,2021.0,,,,,43.5744,200,,150,92.912,68.711,11.61,125.41,193.05,219.9,0.3539,0.0367,0.0593,7.9223,8.3722,8.2762,,<1,<1,<1,<1,,<1,<1,,,,,2.4403,,1.3534,,0.38,,2479.36,,3874.0,,3876,,8.9,,8.9,,,18.4,1.3,,,,,,0.357,,72,,2.9,<0.0015,<0.001301,,<0.0002013,<0.00042,<0.00154,,75,,76.0,,,24.0,,20.1,,20.2,20.1,20.2,,,,SISTEMA LACUSTRE EJIDOS DE XOCHIMILCO Y SAN GREGORIO ATLAPULCO 1,CIUDAD DE MÉXICO,19.271862,-99.063868,cdmx_local,24.0,,
OCAVM2687,OCAVM2687-210822,SISTEMA LACUSTRE EJIDOS DE XOCHIMILCO Y SAN GREGORIO ATLAPULCO 1,LÉNTICO (HUMEDAL),44791,2022.0,,,,,,210,,120,,,,323.33,,441.38,,,,,,,,<1,,<1,<1,,,,,,,,,,,,0.34,,2849.28,,4452.0,,,,9.2,,,,,128.9,9.98,,,,,,,,44,,,,,,,,,,,,96.0,,,24.0,,27.0,,,27.0,27.0,,1.2,,SISTEMA LACUSTRE EJIDOS DE XOCHIMILCO Y SAN GREGORIO ATLAPULCO 1,CIUDAD DE MÉXICO,19.271862,-99.063868,cdmx_local,24.0,,
OCAVM2688,OCAVM2688-211012,XOCHIMILCO 2,LÉNTICO (HUMEDAL),41218,2012.0,,,,,37,4,,4,,,5.8,11.5,,,0.89,<0.005,0.27,0,1.1600000000000001,0.89,,<1,,<1,,<1,,,,,,,1.436,,2.816,250,0.25,2.7221,1443.2,,2255.0,,,,7.16,,,,,80.9,4.84,,,,,,,,56,,23,0.0058,<0.001301,<0.0012,<0.0002013,<0.00042,<0.00154,,,,-22.2,,753.5,28.0,,,,,27.4,,,,,XOCHIMILCO 2,CIUDAD DE MÉXICO,19.269833,-99.061922,cdmx_local,28.0,,
OCAVM2688,OCAVM2688-100313,XOCHIMILCO 2,LÉNTICO (HUMEDAL),41338,2013.0,,,,,11.37,1100,,<3,104.42,93,3,18.6,196.08,274.51,0.0963,<0.005,<0.031,7.74,7.8363000000000005,7.8363000000000005,,<1,<1,<1,,<1,<1,,<1,,,,1.29,,2.83,300,0.3,3.114,2017.28,,3152.0,3171,3165,,,,,,,,,,,,,,,,30,,25.5,<0.0015,<0.001301,<0.0012,<0.0002013,<0.00042,<0.00154,,-74.9,-71.3,-61.2,,985.05,21.0,,15.82,15.35,14.34,15.82,15.59,14.34,,,XOCHIMILCO 2,CIUDAD DE MÉXICO,19.269833,-99.061922,cdmx_local,21.0,,
OCAVM2688,OCAVM2688-160214,XOCHIMILCO 2,LÉNTICO (HUMEDAL),41683,2014.0,,,,,90.83,<3,,<3,112.6,89.076,2.2,2.3,244.61,279.1,,<0.005,0.125,5.29,,,,<1,<1,<1,,<1,<1,,<1,,,,,,1.776,300,0.15,2.776,1932.8,,3020.0,3037,3008,,8.71,8.65,8.54,,,37.7,4.24,27.3,2.03,,,,,,36,,24.76,0.0044,<0.001301,0.0024,<0.0002013,0.0065,<0.00154,,-211.6,58.9,59.6,,1056.2,19.5,,17.02,16.44,16.41,17.02,16.44,16.41,3.5,,XOCHIMILCO 2,CIUDAD DE MÉXICO,19.269833,-99.061922,cdmx_local,19.5,,
OCAVM2688,OCAVM2688-150614,XOCHIMILCO 2,LÉNTICO (HUMEDAL),41802,2014.0,,,,,26.5,7,,4,130.2,61.5,20.1,117.4,79.75,174.49,0.299,<0.005,0.096,4.814,5.209,5.113,,<1,<1,<1,,<1,<1,,<1,,,,2.918,,1.694,250,0.2,2.673,2433.92,,3803.0,3023,3776,,8.8,8.8,8.8,,,,,,,,,,,,18,,23.4,0.0027,<0.001301,<0.0012,<0.0002013,0.0051,<0.00154,,-47.7,-24.1,46.2,,1059,23.3,,20.9,20.4,20.3,20.9,20.4,20.3,2,,XOCHIMILCO 2,CIUDAD DE MÉXICO,19.269833,-99.061922,cdmx_local,23.3,,
OCAVM2688,OCAVM2688-060518,XOCHIMILCO 2,LÉNTICO (HUMEDAL),43224,2018.0,,,,,<0.1,>24196,,>24196,220,115.96,5.27,21.62,233.5,375.83,0.203814,0.094855,0.380669,6.11139,6.790728,6.3152040000000005,,<1,,<1,<1,,,,,,,,1.701514,,1.644687,250,0.1,0.2214,2483.84,,3881.0,,,,8.9,,,,,65.3,4,,,,,,,,17.33,,14,<0.0015,<0.001301,0.0082,<0.0002013,0.009,<0.00154,,,,101.2,,1071.84,27.0,,26.0,,,26.0,26.0,,1,,XOCHIMILCO 2,CIUDAD DE MÉXICO,19.269833,-99.061922,cdmx_local,27.0,,
OCAVM2688,OCAVM2688-231218,XOCHIMILCO 2,LÉNTICO (HUMEDAL),43452,2018.0,,,,,0.474,2820,,<100,128.1,106.1,<2,27.1,201.48,287.19,0.1833,<0.005,<0.031,5.71722,5.90052,5.90052,,<1,<1,<1,<1,,<1,<1,,,,,1.464478,,1.27401,200,0.3,1.4627,2176,,3400.0,3470,,,8.7,8.8,,,,51.4,3.8,41.8,2.9,,,,,,<10,,7.7,0.0142,<0.001301,0.0034,<0.0002013,0.0028,<0.00154,,,-129.6,,,1091.22,26.3,,20.4,20.1,,20.4,20.3,20.2,3,,XOCHIMILCO 2,CIUDAD DE MÉXICO,19.269833,-99.061922,cdmx_local,26.3,,
OCAVM2688,OCAVM2688-310319,XOCHIMILCO 2,LÉNTICO (HUMEDAL),43532,2019.0,,,,,11.962,>24196,,<10,132.5,111.5,8.06,11.4,183.24,392.62,0.351789,0.006037,0.038471,6.80725,7.2035469999999995,7.159039,,<1,<1,<1,<1,,<1,<1,,,,,1.763906,,1.064343,300,0.5,3.96148,2617.6,,4090.0,,4090,,8.9,,8.8,,,113.7,7.2,,,,,,,,27.33,,14,<0.0015,<0.001301,0.0066,<0.0002013,0.005,0.016,,294.8,,297.5,,1194.49,26.0,,25.2,,25.0,25.2,25.0,25.0,1.8,,XOCHIMILCO 2,CIUDAD DE MÉXICO,19.269833,-99.061922,cdmx_local,26.0,,
OCAVM2689,OCAVM2689-211012,XOCHIMILCO 1,LÉNTICO (HUMEDAL),41214,2012.0,,,,,154.96,20,,20,,167.6,10.1,17.1,185.86,,<0.0035,<0.005,0.348,0.85,1.198,0.85,,<1,,1.08,,1.02,,,,,,,1.383,,2.777,350,0.4,2.846,1951.3600000000001,,3049.0,3143,3102,,8.86,8.8,8.78,,,86.2,5.72,65.8,4.53,,,,,,68,,17,0.0023,<0.001301,<0.0012,<0.0002013,<0.00042,<0.00154,,18.4,18.1,16.4,,971,27.0,,,,,21.92,20.02,19.54,,,XOCHIMILCO 1,CIUDAD DE MÉXICO,19.27117,-99.058343,cdmx_local,27.0,,
OCAVM2689,OCAVM2689-100313,XOCHIMILCO 1,LÉNTICO (HUMEDAL),41338,2013.0,,,,,25.09,<3,,<3,101.6,95.35,3.2,21.6,196.08,274.51,0.06,<0.005,<0.031,7.96,8.02,8.02,,<1,<1,<1,,<1,<1,,<1,,,,1.15,,2.89,300,0.15,3.174,2014.72,,3148.0,3154,3163,,,,,,,,,,,,,,,,30,,24,<0.0015,<0.001301,<0.0012,<0.0002013,<0.00042,<0.00154,,-94.9,-97.4,-104.4,,955.79,23.0,,16.66,14.82,14.7,16.66,15.46,14.7,,,XOCHIMILCO 1,CIUDAD DE MÉXICO,19.27117,-99.058343,cdmx_local,23.0,,
OCAVM2689,OCAVM2689-210713,XOCHIMILCO 1,LÉNTICO (HUMEDAL),41474,2013.0,,,,,118.525,>2400,,15,120.25,88,75.2,135.2,228.96,381.6,0.13,<0.005,<0.031,0.08,0.21000000000000002,0.21000000000000002,,1.2,1.28,<1,,<1,<1,,<1,,,,1.886,,4.554,250,0.2,2.582,2151.04,,3361.0,3378,3374,,,,,,,,,,,,,,,,60,,77.024,0.0036,<0.001301,0.0033,<0.0002013,0.0031,<0.00154,,-258.16,-42.8,-40.0,,627.55,24.1,,20.6,20.0,20.0,20.6,20.2,20.0,,,XOCHIMILCO 1,CIUDAD DE MÉXICO,19.27117,-99.058343,cdmx_local,24.1,,
OCAVM2689,OCAVM2689-150614,XOCHIMILCO 1,LÉNTICO (HUMEDAL),41802,2014.0,,,,,57.12,<3,,<3,,72.75,6.4,18.2,78.52,80.5,0.285,<0.005,0.184,3.356,3.8249999999999997,3.641,,<1,<1,<1,,<1,<1,,<1,,,,2.837,,1.453,250,0.2,2.661,2459.52,,3843.0,3826,3814,,8.8,8.8,8.8,,,25.6,,,,,,,,,12,,20.8,0.005,<0.001301,<0.0012,<0.0002013,0.0056,<0.00154,,-37,23.3,25.6,,1106.8,25.8,,23.7,20.3,19.6,23.7,21.4,20.3,3,,XOCHIMILCO 1,CIUDAD DE MÉXICO,19.27117,-99.058343,cdmx_local,25.8,,
OCAVM2689,OCAVM2689-160717,XOCHIMILCO 1,LÉNTICO (HUMEDAL),42940,2017.0,,,,,2.37,>24196,,<10,12.586,12.586,4.7,10.13,186.36,320.64,0.234028,0.005973,0.033292,5.831904,6.1051969999999995,6.065932,,<1,<1,<1,<1,,<1,<1,,,,,1.616889,,1.495593,200,0.25,3.22758,2395.52,,3743.0,3724,,,8.8,8.8,,,,90.1,5.9,28.2,1.9,,,,,,36,,14,<0.0015,<0.001301,<0.0012,<0.0002013,0.00757,<0.00154,,,-73.4,161.4,,1064.23,24.0,,22.0,21.3,,22.0,21.5,21.3,2.5,,XOCHIMILCO 1,CIUDAD DE MÉXICO,19.27117,-99.058343,cdmx_local,24.0,,
OCAVM2689,OCAVM2689-060518,XOCHIMILCO 1,LÉNTICO (HUMEDAL),43224,2018.0,,,,,<0.1,>24196,,<10,210,126.48,6.29,10.02,248.5,379.58,0.236869,0.020247,0.29429,6.39328,6.944686,6.630148999999999,,<1,,<1,<1,,,,,,,,1.5973,,1.597295,250,0.1,0.36168,2495.36,,3899.0,,,,9.1,,,,,24.4,1.7,,,,,,,,25.83,,12,<0.0015,<0.001301,0.0122,<0.0002013,0.0072,<0.00154,,,,41.0,,1094.81,23.0,,20.6,,,20.6,20.6,,1.45,,XOCHIMILCO 1,CIUDAD DE MÉXICO,19.27117,-99.058343,cdmx_local,23.0,,
OCAVM2689,OCAVM2689-231218,XOCHIMILCO 1,LÉNTICO (HUMEDAL),43452,2018.0,,,,,<0.1,3690,,<100,151.8,117.2,<2,27.9,205.62,290.38,0.233153,<0.005,0.044379,5.87892,6.156452,6.112073,,<1,<1,<1,<1,,,,,,,,1.529111,,1.298472,200,0.3,1.39387,2214.4,,3460.0,3470,,,8.7,8.8,,,,45.9,3.2,30.1,2.1,,,,,,12.5,,7.4,0.0197,<0.001301,0.0036,<0.0002013,0.0043,<0.00154,,,-121.2,-120.8,,1159.42,27.4,,21.1,20.8,,21.1,21.0,20.9,4,,XOCHIMILCO 1,CIUDAD DE MÉXICO,19.27117,-99.058343,cdmx_local,27.4,,
OCAVM2689,OCAVM2689-310319,XOCHIMILCO 1,LÉNTICO (HUMEDAL),43532,2019.0,,,,,14.2228,173290,,200,117.38,96.96,7.18,11.1,97.17,261.95,0.581931,0.01144,0.031588,6.54926,7.174219,7.131191,,<1,<1,<1,<1,,<1,<1,,,,,2.083841,,1.531192,250,0.5,3.69176,2086.4,,3260.0,,3270,,8.7,,8.6,,,49.5,3.3,,,,,,,,18.5,,16,<0.0015,<0.001301,0.0048,<0.0002013,0.0033,<0.00154,,200.2,,198.4,,1011.98,24.2,,21.3,,20.8,21.3,21.0,20.8,2,,XOCHIMILCO 1,CIUDAD DE MÉXICO,19.27117,-99.058343,cdmx_local,24.2,,
OCAVM2689,OCAVM2689-260720,XOCHIMILCO 1,LÉNTICO (HUMEDAL),44035,2020.0,,,,,139.778,1350,,100,149.04,124.16,<2,41,75.25,487.5,0.517893,0.010019,0.064662,7.90736,8.499934,8.425253,,<1,,2.89,3.65,,,,,,,,2.660254,,0.050295,250,0.22,,2726.4,,4260.0,,4260,,9.6,,9.6,,,10,1,,,,,,0.775,,79.2,,40,0.0186,<0.001301,0.0019,<0.0002013,0.0075,<0.00154,,-355.8,,-261.5,,882.63,23.6,,24.2,,24.1,24.2,24.1,24.1,1.9,,XOCHIMILCO 1,CIUDAD DE MÉXICO,19.27117,-99.058343,cdmx_local,23.6,,
OCAVM2690,OCAVM2690-211012,POZO RN-18E CAMINO DE OPERACION SUR-RAMAL NETZAHUALCOYOTL,SUBTERRÁNEO,41222,2012.0,<25,234.35,0,234.35,,<3,,,,,,,,,1.01,<0.005,<0.031,0,1.01,1.01,,,,,,,,,,,,,<0.0014,<0.00306,,,,,364.16,569,,,,7.47,,,,,,,,,,42.08,0.15,0.292,,<1.9,,,,0.002,,,,,,,,,,13.3,107.6,26.246874444735386,23.64,,,,,,,,,POZO RN-18E CAMINO DE OPERACION SUR-RAMAL NETZAHUALCOYOTL,CIUDAD DE MÉXICO,19.27505,-99.0458,cdmx_local,,23.64,
OCAVM2690,OCAVM2690-170313,POZO RN-18E CAMINO DE OPERACION SUR-RAMAL NETZAHUALCOYOTL,SUBTERRÁNEO,41421,2013.0,<25,215.7,0,215.7,,<3,,,7.28,,,,,,0.188,<0.005,0.043,0.492,0.723,0.6799999999999999,,,,,,,,,,,,,0.13,0.39780000000000004,,,,0.0284,384,600,,,,7.18,,,,,,,,,,54.44,<0.0041,0.199,<0.01,<1.9,,<0.0002,,0.0033,<0.001301,<0.0012,<0.0002013,,<0.00154,,,,,12.67,151.32,24.0,23.6,,,,,,,,,POZO RN-18E CAMINO DE OPERACION SUR-RAMAL NETZAHUALCOYOTL,CIUDAD DE MÉXICO,19.27505,-99.0458,cdmx_local,24.0,23.6,
OCAVM2690,OCAVM2690-040514,POZO RN-18E CAMINO DE OPERACION SUR-RAMAL NETZAHUALCOYOTL,SUBTERRÁNEO,41759,2014.0,<25,206.7,0,206.7,,<3,,,1.336,,,,,,0.509,<0.005,<0.031,0.1,0.609,0.609,,,,,,,,,,,,,0.148,0.45288,,,,0.015,370,560,,,,7.7,,,,,,,,,,39.6,0.694,0.2645,<0.01,<1.9,,<0.0002,,0.0031,<0.001301,0.0032,<0.0002013,,<0.00154,,,,,12.07,163.6,23.2,24.8,,,,,,,,,POZO RN-18E CAMINO DE OPERACION SUR-RAMAL NETZAHUALCOYOTL,CIUDAD DE MÉXICO,19.27505,-99.0458,cdmx_local,23.2,24.8,
OCAVM2690,OCAVM2690-010315,POZO RN-18E CAMINO DE OPERACION SUR-RAMAL NETZAHUALCOYOTL,SUBTERRÁNEO,42251,2015.0,<25,208.16,0,208.16,,9,,,<0.103,,,,,,0.359843,0.034512,0.033187,0.535408,0.96295,0.895251,,,,,,,,,,,,,0.1363,0.417078,,,,0.0156,358,510,,,,7.0,,,,,,,,,,46.86,0.059266,0.17601,0.0656,20.2,,<0.0002,,<0.0015,0.000474,<0.0012,<0.0002013,,0.002314,,,,,13.019,166.51,20.9,24.4,,,,,,,,,POZO RN-18E CAMINO DE OPERACION SUR-RAMAL NETZAHUALCOYOTL,CIUDAD DE MÉXICO,19.27505,-99.0458,cdmx_local,20.9,24.4,
OCAVM2690,OCAVM2690-040916,POZO RN-18E CAMINO DE OPERACION SUR-RAMAL NETZAHUALCOYOTL,SUBTERRÁNEO,42667,2016.0,<25,209.7,0,209.7,,15,,,0.7064,,,,,,0.32919,<0.005,0.124886,0.407326,0.861402,0.736516,,,,,,,,,,,,,0.130756,0.40011336000000003,,,,0.0123,340,513,,,,8.0,,,,,,,,,,47.42,0.350795,0.123145,<0.01,12.48,,<0.0002,,<0.0015,0.000524,<0.0012,<0.0002013,,0.00984,,,,,13.887,165.71,25.5,24.3,,,,,,,,,POZO RN-18E CAMINO DE OPERACION SUR-RAMAL NETZAHUALCOYOTL,CIUDAD DE MÉXICO,19.27505,-99.0458,cdmx_local,25.5,24.3,
OCAVM2690,OCAVM2690-190317,POZO RN-18E CAMINO DE OPERACION SUR-RAMAL NETZAHUALCOYOTL,SUBTERRÁNEO,42809,2017.0,<25,202.16,0,202.16,,<1,,,<0.103,,,,,,0.38128,0.02137,0.08892,0.09224,0.58381,0.47352,,,,,,,,,,,,,0.1205,0.36873,,,,0.0146,360,440,,,,7.7,,,,,,,,,,46.1382,0.0903,0.3327,0.025,12.8982,,<0.0002,,<0.0015,<0.001301,<0.0012,<0.0002013,,<0.00154,,,,,15.77,168.4962,20.0,24.0,,,,,,,,,POZO RN-18E CAMINO DE OPERACION SUR-RAMAL NETZAHUALCOYOTL,CIUDAD DE MÉXICO,19.27505,-99.0458,cdmx_local,20.0,24.0,
OCAVM2690,OCAVM2690-130518,POZO RN-18E CAMINO DE OPERACION SUR-RAMAL NETZAHUALCOYOTL,SUBTERRÁNEO,43311,2018.0,<25,224.4,0,224.4,,<10,,,<0.103,,,,,,0.212973,0.005514,0.037018,0.19967,0.455175,0.412643,,,,,,,,,,,,,0.1186,0.362916,,,,0.0104,344,560,,,,7.97,,,,,,,,,,47.978,0.0883,0.2506,0.016,14.0446,,<0.0002,,<0.0015,<0.001301,<0.0012,<0.0002013,,<0.00154,,,,,14.43,159.9118,17.7,22.8,,,,,,,,,POZO RN-18E CAMINO DE OPERACION SUR-RAMAL NETZAHUALCOYOTL,CIUDAD DE MÉXICO,19.27505,-99.0458,cdmx_local,17.7,22.8,
OCAVM2690,OCAVM2690-231218,POZO RN-18E CAMINO DE OPERACION SUR-RAMAL NETZAHUALCOYOTL,SUBTERRÁNEO,43455,2018.0,<25,221.27,0,221.27,,<10,,,0.8167,,,,,,0.344471,0.020528,0.073014,0.06085,0.498863,0.40532100000000004,,,,,,,,,,,,,0.1475,0.45135,,,,0.0145,336,497,,,,7.6,,,,,,,,,,41.7636,0.0733,0.2719,0.068,7.194,,<0.0002,,<0.0015,<0.001301,<0.0012,<0.0002013,,<0.00154,,,,,18.45,165.631,24.4,22.5,,,,,,,,,POZO RN-18E CAMINO DE OPERACION SUR-RAMAL NETZAHUALCOYOTL,CIUDAD DE MÉXICO,19.27505,-99.0458,cdmx_local,24.4,22.5,
OCAVM2690,OCAVM2690-300820,POZO RN-18E CAMINO DE OPERACION SUR-RAMAL NETZAHUALCOYOTL,SUBTERRÁNEO,44070,2020.0,<25,211.055,0,211.055,,<10,,,0.354,,,,,,0.190987,<0.005,0.042235,0.1352,0.36842199999999997,0.326187,,,,,,,,,,,,,0.1478,0.45226799999999995,,,,0.01,339,624,,,,7.8,,,,,,,,,,47.9851,0.0677,0.2163,0.011,8.9514,,<0.0002,,<0.0015,<0.001301,<0.0012,<0.0002013,<0.00042,<0.00154,<0.001,,,,15.96,161.1414,24.1,25.5,,,,,,,,,POZO RN-18E CAMINO DE OPERACION SUR-RAMAL NETZAHUALCOYOTL,CIUDAD DE MÉXICO,19.27505,-99.0458,cdmx_local,24.1,25.5,
OCAVM2691,OCAVM2691-211012,LAGO LOS REYES,LÉNTICO,41214,2012.0,,,,,344.76,150,,43,,,<2,2.5,,,<0.0035,<0.005,<0.031,0,<0.0035,<0.0035,,<1,,<1,,<1,,,,,,,3.623,,10.969,60,0.2,0.6114,657.92,,1028.0,,,,9.19,,,,,<10,<1,,,,,,,,34,,34,0.0018,<0.001301,<0.0012,<0.0002013,<0.00042,<0.00154,,,,8.3,,345,22.0,,,,,,,,,,LAGO LOS REYES,CIUDAD DE MÉXICO,19.266313,-99.006995,cdmx_local,22.0,,
OCAVM2691,OCAVM2691-100313,LAGO LOS REYES,LÉNTICO,41337,2013.0,,,,,240.755,>2400,,23,39.69,37.96,9.7,18.3,40,76,0.09,<0.005,0.0838,1.57,1.7438,1.6600000000000001,,<1,,<1,,<1,,,,,,,3.106,,6.66,60,0.2,0.7,646.4,,1010.0,,,,9.11,,,,,70.2,5.21,,,,,,,,40,,12.5,<0.0015,<0.001301,<0.0012,<0.0002013,<0.00042,<0.00154,,,,-53.4,,286.15,18.0,,16.83,,,16.83,,,,,LAGO LOS REYES,CIUDAD DE MÉXICO,19.266313,-99.006995,cdmx_local,18.0,,
OCAVM2691,OCAVM2691-160214,LAGO LOS REYES,LÉNTICO,41680,2014.0,,,,,105.57,70,,70,48.8,40.15,<2,16.1,137.9,180.34,<0.0035,0.038,0.145,4.75,4.933,4.75,,<1,,<1,,<1,,,,,,,4.311,,1.857,150,0.15,1.509,976,,1525.0,,,,8.62,,,,,78.3,6.22,,,,,,,,100,,49.72,<0.0015,<0.001301,<0.0012,<0.0002013,<0.00042,<0.00154,,,,52.9,,509.47,22.3,,20.64,,,20.64,,,0.3,,LAGO LOS REYES,CIUDAD DE MÉXICO,19.266313,-99.006995,cdmx_local,22.3,,
OCAVM2691,OCAVM2691-220215,LAGO LOS REYES,LÉNTICO,42287,2015.0,,,,,129.8912,930,,<3,26.9,22.182,2.3,10,57.42,106.1,0.071182,0.021393,0.054062,6.053114,6.199751,6.124296,,<1,,<1,,<1,,,,,,,1.771494,,0.963775,125,0.2,0.8709,677.12,,1058.0,,,,9.6,,,,,145.6,9.71,,,,,,,,40,,4.92,<0.0015,0.000408,0.001838,0.000148,0.002869,<0.00154,,,,-3.4,,316.25,22.7,,21.2,,,21.2,,,0.45,,LAGO LOS REYES,CIUDAD DE MÉXICO,19.266313,-99.006995,cdmx_local,22.7,,
OCAVM2691,OCAVM2691-080516,LAGO LOS REYES,LÉNTICO,42500,2016.0,,,,,607.0475,11000,,11000,67.56,40.52,2.1,21.1,52.44,56.32,0.18685,0.032199,0.413939,6.965318,7.598306,7.152168,,<1,,5,,4.49,,,,,,,1.445133,,1.388647,60,0.2,0.6038,656,,1025.0,,,,9.7,,,,,84.6,5.8,,,,,,,,54,,33.5,0.0055,<0.001301,<0.0012,9.4e-05,0.001747,<0.00154,,,,-175.4,,227.8,26.8,,22.3,,,22.3,,,0.7,,LAGO LOS REYES,CIUDAD DE MÉXICO,19.266313,-99.006995,cdmx_local,26.8,,
OCAVM2691,OCAVM2691-290418,LAGO LOS REYES,LÉNTICO,43219,2018.0,,,,,0.474,4106,,1565,,,,,,,0.274109,0.007442,<0.031,8.09743,8.378981,8.371538999999999,,<1,,<1,<1,,<1,<1,,,,,2.353099,,1.174648,150,0.5,0.07416,1265.92,,1978.0,,,,8.3,,,,,51.2,3.4,,,,,,,,66,,13,<0.0015,<0.001301,0.0088,<0.0002013,0.008,<0.00154,,,,,,505.3,21.6,,21.1,,,21.1,21.1,,1,,LAGO LOS REYES,CIUDAD DE MÉXICO,19.266313,-99.006995,cdmx_local,21.6,,
OCAVM2691,OCAVM2691-231218,LAGO LOS REYES,LÉNTICO,43452,2018.0,,,,,60.416,6630,,6200,161.1,119.2,15.5,142,178.95,466.43,0.395683,0.005452,<0.031,14.40018,14.801315,14.795863,,<1,,<1,<1,,,,,,,,3.193323,,1.286093,300,0.3,1.70393,1523.2,,2380.0,,,,8.9,,,,,30.7,2.2,,,,,,,,120,,16,0.0242,<0.001301,0.0126,<0.0002013,0.0112,<0.00154,,,,-105.7,,,24.2,,16.2,,,16.2,16.2,,1,,LAGO LOS REYES,CIUDAD DE MÉXICO,19.266313,-99.006995,cdmx_local,24.2,,
OCAVM2691,OCAVM2691-080223,LAGO LOS REYES,LÉNTICO,44965,2023.0,,438.595,,,,,,,,,,120,,236.84,,,,,,,,,,,,,,,,,,,,,3.381,,,,142,1513,,,,9.43,,,,,,,,,,,,,0.14,1797.297,110,,,,,,,,,,,,,,400,26.0,21.6,,,,,,,,,LAGO LOS REYES,CIUDAD DE MÉXICO,19.266313,-99.006995,cdmx_local,26.0,21.6,
OCAVM2763W1,OCAVM2763-111112,CERRO DE LA ESTRELLA (A) AGUAS ARRIBA,LÓTICO,41245,2012.0,,,,,0.6897,11000,,,256.0085,71.035,120.61,161.46,162.5323,322.6465,25.2,<0.005,0.3051,7.0000000000000036,32.5051,32.2,,1.62,1.5,<1,<1,<1,<1,<1,<1,,,,<0.0014,<0.00306,<0.0015,300,0.25,0.4162,602.24,,941.0,939,939,,7.33,7.33,7.3,,,10.3,5.2,10.2,5.1,,,,,,60,,16.4,<0.0015,<0.001301,<0.0012,<0.0002013,<0.00042,<0.00154,,357,357.0,358.0,,162.66,15.5,,,,,19.7,19.5,19.3,,,CERRO DE LA ESTRELLA (A) AGUAS ARRIBA,CIUDAD DE MÉXICO,19.3374,-99.079815,cdmx_local,15.5,,
OCAVM2763W1,OCAVM2763-140413,CERRO DE LA ESTRELLA (A) AGUAS ARRIBA,LÓTICO,41373,2013.0,,,,,0.9728,>24000,,>24000,76.136,33.058,102.7,178.87,114.97,428.41,0.56,<0.005,0.4552,3.08,4.0952,3.64,,<1,<1,<1,<1,<1,<1,<1,<1,,,,6.1097,,18.7323,60,0.05,0.6044,635.52,,993.0,993,992,,7.04,,7.03,,,<10,<1,,,,,,,,56,,34.8,<0.0015,<0.001301,<0.0012,<0.0002013,<0.00042,<0.00154,,457,462.0,460.0,,291.62,26.1,,21.7,21.8,21.7,21.7,21.8,21.7,,,CERRO DE LA ESTRELLA (A) AGUAS ARRIBA,CIUDAD DE MÉXICO,19.3374,-99.079815,cdmx_local,26.1,,
OCAVM2763W1,OCAVM2763-160214,CERRO DE LA ESTRELLA (A) AGUAS ARRIBA,LÓTICO,41683,2014.0,,,,,0.7,90,,90,53.345,53.32,56,108,119.66,341.69,27.292,<0.005,0.06,0.441,27.793,27.733,,<1,<1,,,,8.9,,,,,,5.628,,5.215,30,0.2,0.835,457.6,,715.0,715,715,,7.1,7.1,7.0,,,82.8,5.6,82.8,5.6,,,,,,100,,19.2,<0.0015,<0.001301,<0.0012,0.0051,<0.00042,<0.00154,,80,73.0,63.3,,283.1,26.3,,19.2,19.2,19.2,19.2,19.2,19.2,2.1,,CERRO DE LA ESTRELLA (A) AGUAS ARRIBA,CIUDAD DE MÉXICO,19.3374,-99.079815,cdmx_local,26.3,,
OCAVM2763W1,OCAVM2763-220215,CERRO DE LA ESTRELLA (A) AGUAS ARRIBA,LÓTICO,42052,2015.0,,,,,0.8028,<3,,<3,48.16,28.41,,,14.52,16.94,2.1101,<0.005,<0.031,27.0756,29.1857,29.1857,,<1,,3.1,,2.8,,,,,,,4.4535,,0.3453,30,0,0.2404,542.72,,848.0,,,,6.9,,,,,22.69,1.9,,,,,,,,64,,5.73,<0.0015,<0.001301,<0.0012,<0.0002013,<0.00042,<0.00154,,,,286.0,,223.1,24.5,,19.2,,,20.0,,,0.7,,CERRO DE LA ESTRELLA (A) AGUAS ARRIBA,CIUDAD DE MÉXICO,19.3374,-99.079815,cdmx_local,24.5,,
OCAVM2763W1,OCAVM2763W1-170416,CERRO DE LA ESTRELLA (A) AGUAS ARRIBA,LÓTICO,42474,2016.0,,,,,,>24000,>24000,>24000,34.3,20.215,68.19,119.47,139.52,361,23.0368,<0.005,<0.031,2.0025,25.0393,25.0393,2.14,,,,,,,,,3.03,,2.59,10.5696,,3.9452,75,,0.2671,620.8000000000001,970,,,,7.4,,,,86.96,6.3,,,,,,,,1.038,,100,,11,<0.0015,<0.001301,<0.0012,<0.0002013,<0.00042,<0.00154,<0.001,,,,,316.85,26.1,20.8,,,,,,,,1957,CERRO DE LA ESTRELLA (A) AGUAS ARRIBA,CIUDAD DE MÉXICO,19.3374,-99.079815,cdmx_local,26.1,20.8,
OCAVM2763W1,OCAVM2763W1-220516,CERRO DE LA ESTRELLA (A) AGUAS ARRIBA,LÓTICO,42509,2016.0,,,,,,<3,<3,<3,44.15,32.22,,100.21,,205.7,2.5076,0.0144,,13.3148,,15.8224,1.17,,,,,,,,,2.57,,2.01,3.4222,,0.1917,60,,0.1801,197.76,309,,,,7.1,,,,11.5,1.2,,,,,,,,2.1012,,64,,10,<0.0015,<0.001301,<0.0012,<0.0002013,<0.00042,<0.00154,<0.001,,,,,395.09,22.7,21.1,,,,,,,,1650,CERRO DE LA ESTRELLA (A) AGUAS ARRIBA,CIUDAD DE MÉXICO,19.3374,-99.079815,cdmx_local,22.7,21.1,
OCAVM2763W1,OCAVM2763W1-260616,CERRO DE LA ESTRELLA (A) AGUAS ARRIBA,LÓTICO,42543,2016.0,,,,,,>24000,>24000,>24000,29.94,25.58,62.45,108.27,88.32,183.51,10.5306,0.0359,0.3696,12.1519,23.088,22.682499999999997,<1,,,,,,,,,3.6,,3.6,6.8043,,3.577,50,,0.2575,467.84000000000003,731,,,,7.4,,,,,,,,,,,,,1.824,,100,,9.31,<0.0015,<0.001301,<0.0012,<0.0002013,<0.00042,<0.00154,<0.001,,,,,586.89,23.9,20.5,,,,,,,,1310,CERRO DE LA ESTRELLA (A) AGUAS ARRIBA,CIUDAD DE MÉXICO,19.3374,-99.079815,cdmx_local,23.9,20.5,
OCAVM2763W1,OCAVM2763W1-040916,CERRO DE LA ESTRELLA (A) AGUAS ARRIBA,LÓTICO,42619,2016.0,,,,,,>24000,>24000,>24000,20.03,18.98,41.51,138.09,111.27,444.02,3.8872,0.0236,0.2246,2.6006,6.736,6.4878,<1,,,,,,,,,9.58,,10.17,0.6362,,0.6032,50,,0.1788,175.36,274,,,,7.5,,,,,,,,,,,,,0.406,,240,,5.01,<0.0015,<0.001301,<0.0012,<0.0002013,<0.00042,<0.00154,<0.001,,,,,307.7,23.2,18.7,,,,,,,,1340.8,CERRO DE LA ESTRELLA (A) AGUAS ARRIBA,CIUDAD DE MÉXICO,19.3374,-99.079815,cdmx_local,23.2,18.7,
OCAVM2763W1,OCAVM2763W1-280517,CERRO DE LA ESTRELLA (A) AGUAS ARRIBA,LÓTICO,42880,2017.0,,,,,,>24000,>24000,>24000,27.445,20.08,25.75,28.71,84.73,311.21,1.5807,0.0287,0.2928,43.1107,45.0129,44.6914,<1,,,,,,,,,8.67,,8.6,5.4396,,2.8643,60,,0.115,513.472,802.3,,,,7.3,,,,<10,<1,,,,,,,,2.989,,44,,43.1,<0.0015,<0.001301,<0.0012,<0.0002013,<0.00042,<0.00154,<0.001,,,,,168.68,24.0,20.8,,,,,,,,,CERRO DE LA ESTRELLA (A) AGUAS ARRIBA,CIUDAD DE MÉXICO,19.3374,-99.079815,cdmx_local,24.0,20.8,
OCAVM2763W1,OCAVM2763W1-020717,CERRO DE LA ESTRELLA (A) AGUAS ARRIBA,LÓTICO,42915,2017.0,,,,,,>24000,>24000,>24000,15.845,14.206,40.2,109.24,44.18,124.68,13.3507,0.0144,0.0633,0.2694,13.697799999999999,13.620099999999999,<1,,,,,,,,,<1,,<1,2.3749,,1.2066,50,,0.206,492.99199999999996,770.3,,,,7.4,,,,26.3,1.47,,,,,,,,1.031,,16,,14.7,<0.0015,<0.001301,<0.0012,<0.0002013,<0.00042,<0.00154,<0.001,,,,,170.05,22.0,20.6,,,,,,,,1900,CERRO DE LA ESTRELLA (A) AGUAS ARRIBA,CIUDAD DE MÉXICO,19.3374,-99.079815,cdmx_local,22.0,20.6,
OCAVM2763W1,OCAVM2763W1-060817,CERRO DE LA ESTRELLA (A) AGUAS ARRIBA,LÓTICO,42949,2017.0,,,,,,>24000,>24000,>24000,28.4,20.59,32.21,40.22,35.04,42.11,7.5995,0.0885,0.2485,11.2989,19.2354,18.8984,<1,,,,,,,,,5,,4.78,6.3877,,0.0878,60,,0.246,398.72,623,,,,7.2,,,,46.1,3.2,,,,,,,,0.311,,56,,25.6,<0.0015,<0.001301,<0.0012,<0.0002013,<0.00042,<0.00154,<0.001,,,,,155.78,22.0,20.5,,,,,,,,,CERRO DE LA ESTRELLA (A) AGUAS ARRIBA,CIUDAD DE MÉXICO,19.3374,-99.079815,cdmx_local,22.0,20.5,
OCAVM2763W1,OCAVM2763W1-100917,CERRO DE LA ESTRELLA (A) AGUAS ARRIBA,LÓTICO,42984,2017.0,,,,,,>24000,>24000,>24000,8.38,5.575,8.88,14.1,81.99,145.11,3.0365,0.4597,2.1921,3.1819,8.8702,6.218400000000001,<1,,,,,,,,,5.59,,6.35,1.1599,,0.0916,50,,0.123,343.87199999999996,537.3,,,,8.2,,,,43.4,2.7,,,,,,,,0.074,,72,,29.2,0.0041,<0.001301,0.0127,<0.0002013,0.0059,<0.00154,<0.001,,,,,158.31,14.0,17.0,,,,,,,,1500,CERRO DE LA ESTRELLA (A) AGUAS ARRIBA,CIUDAD DE MÉXICO,19.3374,-99.079815,cdmx_local,14.0,17.0,
OCAVM2763W1,OCAVM2763W1-280118,CERRO DE LA ESTRELLA (A) AGUAS ARRIBA,LÓTICO,43123,2018.0,,,,,,>24000,>24000,>24000,89.82,64.95,122.6,184.82,554.05,739.89,57.0921,0.0238,0.8959,2.5849,60.5967,59.677,<1,,,,,,,,,12.87,,8.94,4.1966,,2.9314,30,,0.266,619.9680000000001,968.7,,,,7.5,,,,11.9,1.02,,,,,,,,4.061,,152,,70,<0.0015,<0.001301,<0.0012,<0.0002013,<0.00042,<0.00154,<0.001,,,,,44.95,22.0,19.0,,,,,,,,449.7,CERRO DE LA ESTRELLA (A) AGUAS ARRIBA,CIUDAD DE MÉXICO,19.3374,-99.079815,cdmx_local,22.0,19.0,
OCAVM2763W1,OCAVM2763W1-040318,CERRO DE LA ESTRELLA (A) AGUAS ARRIBA,LÓTICO,43159,2018.0,,,,,,>24000,>24000,>24000,33.045,28.51,73,152.42,182.5,279.84,35.3787,0.0211,0.0587,23.6292,59.0877,59.00790000000001,<1,,,,,,,,,3.9,,4.05,8.5809,,8.1529,20,,0.24,659.648,1030.7,,,,7.5,,,,20.4,1.42,,,,,,,,1.001,,92,,40,<0.0015,<0.001301,0.1113,<0.0002013,<0.00042,<0.00154,<0.001,,,,,101.63,23.0,19.9,,,,,,,,1255,CERRO DE LA ESTRELLA (A) AGUAS ARRIBA,CIUDAD DE MÉXICO,19.3374,-99.079815,cdmx_local,23.0,19.9,
OCAVM2763W1,OCAVM2763W1-130518,CERRO DE LA ESTRELLA (A) AGUAS ARRIBA,LÓTICO,43228,2018.0,,,,,,>24000,>24000,>24000,36.51,34.04,89.4,139.21,205.49,251.92,29.383,<0.005,0.1283,3.498,33.009299999999996,32.881,<1,,,,,,,,,3.93,3.18,4.66,5.4755,,4.8605,60,,0.247,616.128,962.7,,,,7.4,,,,16.3,1.09,,,,,,,,0.826,,72,,4.7,<0.0015,<0.001301,<0.0012,<0.0002013,<0.00042,<0.00154,<0.001,,,,,66.45,21.0,19.5,,,,,,,,1658.6,CERRO DE LA ESTRELLA (A) AGUAS ARRIBA,CIUDAD DE MÉXICO,19.3374,-99.079815,cdmx_local,21.0,19.5,
OCAVM2763W1,OCAVM2763W1-041118,CERRO DE LA ESTRELLA (A) AGUAS ARRIBA,LÓTICO,43406,2018.0,,,,,,>24000,>24000,>24000,28.295,13.619,87,124.51,144.84,197.14,13.091,0.0133,0.0986,2.41,15.612899999999998,15.501,<1,,,,,,,,,<1,<1,<1,3.0221,,0.2039,60,,0.181,586.88,917,,,,7.5,,,,14.7,1.1,,,,,,,,1.127,,16,,17,<0.0015,<0.001301,<0.0012,<0.0002013,<0.00042,<0.00154,<0.001,,,,,199.35,19.0,21.0,,,,,,,,1823,CERRO DE LA ESTRELLA (A) AGUAS ARRIBA,CIUDAD DE MÉXICO,19.3374,-99.079815,cdmx_local,19.0,21.0,
OCAVM2763W1,OCAVM2763W1-091218,CERRO DE LA ESTRELLA (A) AGUAS ARRIBA,LÓTICO,43438,2018.0,,,,,,<30,<30,<30,52.53,44.28,180.07,220.29,185.19,228.82,32.31,<0.005,0.2447,1.704,34.258700000000005,34.014,<1,,,,,,,,,18.2,14.5,13.51,5.9283,,4.0709,30,,0.226,450.56,704,,,,7.7,,,,<10,<1,,,,,,,,2.597,,20,,32,<0.0015,<0.001301,<0.0012,<0.0002013,<0.00042,<0.00154,<0.001,,,,,119.22,20.0,20.0,,,,,,,,15700,CERRO DE LA ESTRELLA (A) AGUAS ARRIBA,CIUDAD DE MÉXICO,19.3374,-99.079815,cdmx_local,20.0,20.0,
OCAVM2763W1,OCAVM2763W1-100219,CERRO DE LA ESTRELLA (A) AGUAS ARRIBA,LÓTICO,43503,2019.0,,,,,,>24000,>24000,>24000,60.38,39.88,103.8,165.32,332.8,426.08,34.009,0.0149,1.2505,15.895,51.169399999999996,49.903999999999996,<1,,,,,,,,,3.37,3.09,3.7,7.4634,,1.1235,60,,0.196,623.36,974,,,,6.9,,,,<10,<1,,,,,,,,2.677,,116,,50,<0.0015,<0.001301,<0.0012,<0.0002013,<0.00042,<0.00154,<0.001,,,,,158.01,22.0,19.8,,,,,,,,1200,CERRO DE LA ESTRELLA (A) AGUAS ARRIBA,CIUDAD DE MÉXICO,19.3374,-99.079815,cdmx_local,22.0,19.8,
OCAVM2763W1,OCAVM2763W1-300820,CERRO DE LA ESTRELLA (A) AGUAS ARRIBA,LÓTICO,44069,2020.0,,,,,,2100,,1500,43.799,,,18,,407.26,26.6538,0.101,0.8654,16.142,43.7622,42.7958,<1,,,,,,,,,3.11,3.01,,6.0373,,0.7616,60,,,452.48,707,,,,7.7,,,,23.4,1.2,,,,,,,,0.215,,80,,40,<0.0015,<0.001301,<0.0012,<0.0002013,<0.00042,<0.00154,<0.001,,,,,193.41,21.0,21.0,,,,,,,,1242,CERRO DE LA ESTRELLA (A) AGUAS ARRIBA,CIUDAD DE MÉXICO,19.3374,-99.079815,cdmx_local,21.0,21.0,
OCAVM2764W1,OCAVM2764-160214,CERRO DE LA ESTRELLA (A) AGUAS ABAJO,LÓTICO,41683,2014.0,,,,,1.8,<3,,<3,10.183,10.106,2.7,12.4,23.87,29.48,6.66,<0.005,8.579,0.903,16.142,7.563000000000001,,<1,<1,<1,,<1,,,,,,,4.29,,4.028,30,0.7,0.22,547.84,,856.0,,,,7.1,,,,,91.7,6.4,,,,,,,,<10,,<2.5,<0.0015,<0.001301,<0.0012,<0.0002013,<0.00042,<0.00154,,,,290.0,,73.6,19.9,,22.0,,,22.0,,,1,,CERRO DE LA ESTRELLA (A) AGUAS ABAJO,CIUDAD DE MÉXICO,19.33625,-99.077327,cdmx_local,19.9,,
OCAVM2764W1,OCAVM2764-120715,CERRO DE LA ESTRELLA (A) AGUAS ABAJO,LÓTICO,42192,2015.0,,,,,0.5429,<3,,<3,6.275,4.563,2.28,3.45,25.5,30,1.1719,1.5008,3.274,0.1224,6.0691,1.2943,,<1,<1,<1,,<1,<1,,<1,,,,1.7122,,1.6266,30,0,0.1678,453.76,,709.0,,,,7.1,,,,,79.65,7.09,,,,,,,,<10,,<2.5,<0.0015,<0.001301,<0.0012,<0.0002013,<0.00042,<0.00154,,,,425.0,,150.2,21.1,,22.9,,,22.9,,,0.7,,CERRO DE LA ESTRELLA (A) AGUAS ABAJO,CIUDAD DE MÉXICO,19.33625,-99.077327,cdmx_local,21.1,,
OCAVM2764W1,OCAVM2764W1-050317,CERRO DE LA ESTRELLA (A) AGUAS ABAJO,LÓTICO,42796,2017.0,,,,,,>24000,>24000,>24000,7.31,6.247,6.54,13.98,32.47,44.77,14.1636,0.4094,2.6884,0.3916,17.653000000000002,14.555200000000001,<1,,,,,,,,,<1,,<1,1.6303,,0.4453,50,,0.151,437.76,684,,,,7.1,,,,73.9,4.29,,,,,,,,0.225,,24,,<2.5,<0.0015,<0.001301,<0.0012,<0.0002013,<0.00042,<0.00154,<0.001,,,,,162.26,21.0,15.9,,,,,,,,1500,CERRO DE LA ESTRELLA (A) AGUAS ABAJO,CIUDAD DE MÉXICO,19.33625,-99.077327,cdmx_local,21.0,15.9,
OCAVM2764W1,OCAVM2764W1-100917,CERRO DE LA ESTRELLA (A) AGUAS ABAJO,LÓTICO,42984,2017.0,,,,,,<30,<30,<30,4.254,4.154,4.5,5.82,69.72,98.67,0.9359,0.1299,7.5701,0.2482,8.8841,1.1841,<1,,,,,,,,,<1,,<1,0.3844,,0.1027,10,,0.104,192.448,300.7,,,,7.9,,,,55.4,3.77,,,,,,,,<0.01,,12,,2.61,0.0025,<0.001301,0.0146,<0.0002013,0.0087,<0.00154,<0.001,,,,,127.04,14.0,19.6,,,,,,,,1700,CERRO DE LA ESTRELLA (A) AGUAS ABAJO,CIUDAD DE MÉXICO,19.33625,-99.077327,cdmx_local,14.0,19.6,
OCAVM2764W1,OCAVM2764W1-280118,CERRO DE LA ESTRELLA (A) AGUAS ABAJO,LÓTICO,43123,2018.0,,,,,,<30,<30,<30,11.98,9.6,21.84,24.78,262.39,360.72,21.1628,0.3133,0.6531,2.6451,24.7743,23.8079,<1,,,,,,,,,<1,,<1,5.1934,,2.8974,40,,0.167,534.2080000000001,834.7,,,,7.6,,,,88,6.12,,,,,,,,0.513,,18,,40,<0.0015,<0.001301,<0.0012,<0.0002013,<0.00042,<0.00154,<0.001,,,,,35.18,22.0,20.2,,,,,,,,254,CERRO DE LA ESTRELLA (A) AGUAS ABAJO,CIUDAD DE MÉXICO,19.33625,-99.077327,cdmx_local,22.0,20.2,
OCAVM2764W1,OCAVM2764W1-130518,CERRO DE LA ESTRELLA (A) AGUAS ABAJO,LÓTICO,43228,2018.0,,,,,,430,640,430,8.045,7.406,10.32,11.7,46.85,51.73,0.6387,0.2503,1.9608,0.2995,3.1493,0.9382,<1,,,,,,,,,<1,<1,<1,4.6214,,2.7878,10,,0.155,519.04,811,,,,7.3,,,,38.7,2.67,,,,,,,,0.143,,28,,<2.5,<0.0015,<0.001301,<0.0012,<0.0002013,<0.00042,<0.00154,<0.001,,,,,101.62,22.0,20.8,,,,,,,,1621.2,CERRO DE LA ESTRELLA (A) AGUAS ABAJO,CIUDAD DE MÉXICO,19.33625,-99.077327,cdmx_local,22.0,20.8,
OCAVM2764W1,OCAVM2764W1-041118,CERRO DE LA ESTRELLA (A) AGUAS ABAJO,LÓTICO,43406,2018.0,,,,,,70,110,70,6.464,5.391,17.7,22.98,41.86,47.38,2.8021,0.3857,4.1474,2.767,10.1022,5.5691,<1,,,,,,,,,<1,<1,<1,,,,50,,0.143,540.8,845,,,,7.4,,,,29.1,1.06,,,,,,,,0.114,,12,,<2.5,<0.0015,<0.001301,<0.0012,<0.0002013,<0.00042,<0.00154,<0.001,,,,,187.62,20.0,20.0,,,,,,,,1640.7,CERRO DE LA ESTRELLA (A) AGUAS ABAJO,CIUDAD DE MÉXICO,19.33625,-99.077327,cdmx_local,20.0,20.0,
OCAVM2764W1,OCAVM2764W1-091218,CERRO DE LA ESTRELLA (A) AGUAS ABAJO,LÓTICO,43438,2018.0,,,,,,30,40,30,9.586,7.351,9.18,10.8,24.4,31.72,0.7548,0.3996,4.3926,14.2152,19.7622,14.969999999999999,<1,,,,,,,,,<1,<1,<1,1.9243,,1.3064,30,,0.162,450.56,704,,,,7.7,,,,<10,<1,,,,,,,,0.217,,20,,<2.5,<0.0015,<0.001301,<0.0012,<0.0002013,<0.00042,<0.00154,<0.001,,,,,189.58,20.0,20.0,,,,,,,,17000,CERRO DE LA ESTRELLA (A) AGUAS ABAJO,CIUDAD DE MÉXICO,19.33625,-99.077327,cdmx_local,20.0,20.0,
OCAVM2764W1,OCAVM2764W1-100219,CERRO DE LA ESTRELLA (A) AGUAS ABAJO,LÓTICO,43503,2019.0,,,,,,70,110,70,9.194,7.478,11.88,15.84,33.7,37.44,7.1694,0.4428,7.3819,13.4096,28.4037,20.579,<1,,,,,,,,,<1,<1,<1,1.4702,,1.2621,40,,0.149,524.8,820,,,,7.1,,,,<10,<1,,,,,,,,0.116,,28,,<2.5,<0.0015,<0.001301,<0.0012,<0.0002013,<0.00042,<0.00154,<0.001,,,,,144.63,23.0,21.5,,,,,,,,1080,CERRO DE LA ESTRELLA (A) AGUAS ABAJO,CIUDAD DE MÉXICO,19.33625,-99.077327,cdmx_local,23.0,21.5,
OCAVM2764W1,OCAVM2764W1-300820,CERRO DE LA ESTRELLA (A) AGUAS ABAJO,LÓTICO,44069,2020.0,,,,,,1500,,1500,9.347,,,2.88,,35.82,5.9873,0.141,3.2245,8.4085,17.7613,14.395800000000001,1.1,,,,,,,,,<1,<1,,0.985,,0.5708,40,,,425.6,665,,,,7.5,,,,39.6,3.21,,,,,,,,<0.01,,24,,<2.5,<0.0015,<0.001301,<0.0012,<0.0002013,<0.00042,<0.00154,<0.001,,,,,167.76,22.0,23.0,,,,,,,,,CERRO DE LA ESTRELLA (A) AGUAS ABAJO,CIUDAD DE MÉXICO,19.33625,-99.077327,cdmx_local,22.0,23.0,
OCAVM2765,OCAVM2765-211012,SISTEMA LACUSTRE EJIDOS DE XOCHIMILCO Y SAN GREGORIO ATLAPULCO 3,LÉNTICO (HUMEDAL),41214,2012.0,,,,,723.84,460,,460,29.24,12.47,2.7,3.8,48.38,56.45,0.67,0.195,6.776,0,7.641,0.67,,<1,,<1,,<1,,,,,,,3.831,,3.895,40,0.25,0.2488,460.16,,719.0,,,,8.87,,,,,>150,9.87,,,,,,,,56,,6,0.0027,<0.001301,0.007,<0.0002013,<0.00042,<0.00154,,,,3.0,,157.06,24.0,,,,,,,,,,SISTEMA LACUSTRE EJIDOS DE XOCHIMILCO Y SAN GREGORIO ATLAPULCO 3,CIUDAD DE MÉXICO,19.292469,-99.098334,cdmx_local,24.0,,
OCAVM2765,OCAVM2765-100313,SISTEMA LACUSTRE EJIDOS DE XOCHIMILCO Y SAN GREGORIO ATLAPULCO 3,LÉNTICO (HUMEDAL),41339,2013.0,,,,,39.3,150,,11,17.77,16.22,<2,4.3,36,48,<0.0035,0.1282,0.28,3.08,3.4882,3.08,,<1,,<1,,<1,,,,,,,2.78,,3.52,40,0.15,0.263,474.88,,742.0,,,,,,,,,,,,,,,,,,128,,11.8,0.0026,<0.001301,<0.0012,<0.0002013,<0.00042,<0.00154,,,,100.9,,156.93,23.0,,20.0,,,20.0,,,,,SISTEMA LACUSTRE EJIDOS DE XOCHIMILCO Y SAN GREGORIO ATLAPULCO 3,CIUDAD DE MÉXICO,19.292469,-99.098334,cdmx_local,23.0,,
OCAVM2765,OCAVM2765-210713,SISTEMA LACUSTRE EJIDOS DE XOCHIMILCO Y SAN GREGORIO ATLAPULCO 3,LÉNTICO (HUMEDAL),41473,2013.0,,,,,138.1261,43,,15,27.28,27.28,2.5,11.6,23.81,31.74,1.64,0.164,0.17,0.14,2.114,1.7799999999999998,,<1,,<1,,<1,,,,,,,2.145,,5.348,40,0.3,0.2596,439.68,,687.0,,,,,,,,,,,,,,,,,,24,,22.7,0.0045,<0.001301,<0.0012,<0.0002013,0.0034,0.0038,,,,32.1,,126.7,22.4,,20.9,,,20.9,,,,,SISTEMA LACUSTRE EJIDOS DE XOCHIMILCO Y SAN GREGORIO ATLAPULCO 3,CIUDAD DE MÉXICO,19.292469,-99.098334,cdmx_local,22.4,,
OCAVM2765,OCAVM2765-190818,SISTEMA LACUSTRE EJIDOS DE XOCHIMILCO Y SAN GREGORIO ATLAPULCO 3,LÉNTICO (HUMEDAL),43343,2018.0,,,,,45.1796,1134,,231,20.255,13.355,4.32,7.58,11.76,73.56,0.31868,0.052437,1.716143,3.08977,5.17703,3.40845,,<1,,<1,<1,,,,,,,,5.871846,,2.911461,70,0.6,0.57029,523.52,,818.0,,,,7.4,,,,,61.6,3.9,,,,,,,,41,,13,<0.0015,<0.001301,<0.0012,<0.0002013,<0.00042,<0.00154,,,,99.3,,229.79,26.0,,25.1,,,25.1,,,0.6,,SISTEMA LACUSTRE EJIDOS DE XOCHIMILCO Y SAN GREGORIO ATLAPULCO 3,CIUDAD DE MÉXICO,19.292469,-99.098334,cdmx_local,26.0,,
OCAVM2766,OCAVM2766-211012,RIO BUEN AVENTURA,LÓTICO (HUMEDAL),41214,2012.0,,,,,,150,2400,75,100.05,44.48,11,14.1,139.39,371.71,32.21,<0.005,<0.031,0,32.21,32.21,<1,,,,,,,,,5.72,,5.7,5.989,,9.101,50,,0.4769,343.68,537,,,,7.65,,,,<10,<1,,,,,,,,,,200,,84,<0.0015,<0.001301,<0.0012,<0.0002013,<0.00042,<0.00154,,,,,,380.46,17.0,16.1725,,,,,,,,706.7,RIO BUEN AVENTURA,CIUDAD DE MÉXICO,19.288482,-99.114098,cdmx_local,17.0,16.1725,
OCAVM2766,OCAVM2766-181112,RIO BUEN AVENTURA,LÓTICO (HUMEDAL),41250,2012.0,,,,,,<3,4,<3,116,,62.3,108.5,,206.4,6.11,<0.005,0.12,2.04,8.27,8.15,<1,,,,,,,,,<1,,<1,4.51,,10.52,25,,0.5901,431.52,674.25,,,,7.79,,,,36.7,2.75,,,,,,,,,,112,,27,<0.0015,<0.001301,0.007176,<0.0002013,0.005866,<0.00154,,,,,,261.89,18.0,16.365,,,,,,,,,RIO BUEN AVENTURA,CIUDAD DE MÉXICO,19.288482,-99.114098,cdmx_local,18.0,16.365,
OCAVM2766,OCAVM2766-161212,RIO BUEN AVENTURA,LÓTICO (HUMEDAL),41275,2013.0,,,,,,150,150,<3,124.5,39.32,80,172.5,162.62,263.29,30.03,<0.005,0.14,10.93,41.1,40.96,<1,,,,,,,,,<1,,<1,6.57,,12.4,40,,1.109,355.2,555,,,,7.71,,,,<10,<1,,,,,,,,,,120,,26,<0.0015,<0.001301,<0.0012,<0.0002013,<0.00042,<0.00154,,,,,,74.11,17.0,15.485,,,,,,,,224.5,RIO BUEN AVENTURA,CIUDAD DE MÉXICO,19.288482,-99.114098,cdmx_local,17.0,15.485,
OCAVM2766,OCAVM2766-100313,RIO BUEN AVENTURA,LÓTICO (HUMEDAL),41337,2013.0,,,,,,1100,1100,15,135.1,77.8,141.1,230.2,196.08,274.51,3.845,<0.005,<0.031,3.6,7.445,7.445,2.08,,,,,10.1,,,,10.42,,,6.95,,17.08,50,,1.7071,497.06559999999996,776.665,,,,7.685,,,,<10,<1,,,,,,,,,,60,,87.2,<0.0015,0.00098,0.0062,<0.0002013,0.0061,0.0083,,,,,,113.72,21.0,16.935,,,,,,,,228.5,RIO BUEN AVENTURA,CIUDAD DE MÉXICO,19.288482,-99.114098,cdmx_local,21.0,16.935,
OCAVM2766,OCAVM2766-280413,RIO BUEN AVENTURA,LÓTICO (HUMEDAL),41389,2013.0,,,,,,>2400,>2400,3,115.05,68.04,132.6,177.1,160,200,0.0504,<0.005,<0.031,1.32,1.3704,1.3704,<1,,,,,<1,,,,<1,,,6.94,,21.3,150,,1.3776,440,687.5,,,,7.75,,,,<10,<1,,,,,,,,,,106,,152,0.00625,<0.001301,<0.0012,0.00025,0.004847,0.006454,,,,,,115.48,26.2,20.21,,,,,,,,205.5,RIO BUEN AVENTURA,CIUDAD DE MÉXICO,19.288482,-99.114098,cdmx_local,26.2,20.21,
OCAVM2766,OCAVM2766-230613,RIO BUEN AVENTURA,LÓTICO (HUMEDAL),41444,2013.0,,,,,,>2400,>2400,15,71.65,60.728,69.5,147.5,222.91,408.67,0.035,<0.005,<0.031,0.615,0.65,0.65,4.16,,,,,8.02,,,,8.83,,,6.677,,10.844,10,,1.2255,512.32,800.5,,,,7.55,,,,<10,<1,,,,,,,,,,44,,130,<0.0015,<0.001301,<0.0012,<0.0002013,0.009,<0.00154,,,,,,1068.9,23.6,20.4,,,,,,,,274.5,RIO BUEN AVENTURA,CIUDAD DE MÉXICO,19.288482,-99.114098,cdmx_local,23.6,20.4,
OCAVM2766,OCAVM2766-210713,RIO BUEN AVENTURA,LÓTICO (HUMEDAL),41471,2013.0,,,,,,15,1100,9,92.45,68.52,45,103,193.84,348.91,24.375,<0.005,0.126,2.275,26.776,26.65,2.43,,,,,8.7,,,,10.18,,,4.932,,3.944,125,,1.084,552,862.5,,,,7.61,,,,<10,<1,,,,,,,,,,176,,142,0.0049,<0.001301,0.0048,<0.0002013,0.0047,0.006,,,,,,145.27,21.5,19.4,,,,,,,,752.3,RIO BUEN AVENTURA,CIUDAD DE MÉXICO,19.288482,-99.114098,cdmx_local,21.5,19.4,
OCAVM2766,OCAVM2766-250813,RIO BUEN AVENTURA,LÓTICO (HUMEDAL),41507,2013.0,,,,,,>2400,>2400,3,46.84,36.39,111,135.9,142.45,359.88,43.5877,<0.005,0.0435,,,,1.27,,,,,,,,,2.57,2.68,,4.965,,,50,,4.5772,400,625,,,,8.42,,,,<10,<1,,,,,,,,,,120,,107,0.0018,<0.001301,<0.0012,<0.0002013,<0.00042,<0.00154,,,,,,93.19,21.2,19.1,,,,,,,,271.8,RIO BUEN AVENTURA,CIUDAD DE MÉXICO,19.288482,-99.114098,cdmx_local,21.2,19.1,
OCAVM2766,OCAVM2766-220913,RIO BUEN AVENTURA,LÓTICO (HUMEDAL),41534,2013.0,,,,,,>2400,>2400,6,75.14,55.28,73.7,219.3,126.82,388.39,44.5401,<0.005,<0.031,10.05,54.59010000000001,54.59010000000001,<1,,,,,9.89,,,,7.63,,,8.604,,4.622,30,,0.9496,495.36,774,,,,7.54,,,,<10,<1,,,,,,,,,,208,,195,0.0029,<0.001301,0.0021,<0.0002013,0.0032,0.0089,,,,,,144.6,21.3,19.2,,,,,,,,396,RIO BUEN AVENTURA,CIUDAD DE MÉXICO,19.288482,-99.114098,cdmx_local,21.3,19.2,
OCAVM2766,OCAVM2766-160214,RIO BUEN AVENTURA,LÓTICO (HUMEDAL),41680,2014.0,,,,,,>24000,>24000,70,26.56,26.56,111.1,165.1,294.2,471.7,17.91,0.03,0.108,69.18,87.22800000000001,87.09,1.08,,,,,,,,,65.75,,62.34,7.065,,6.128,80,,0.502,533.44,833.5,,,,7.37,,,,,,,,,,,,,8.55,,190,,151.8,0.0037,<0.001301,0.04053,0.00793,0.02797,<0.00154,<0.001,,,,,156.16,21.8,18.03,,,,,,,,308.1,RIO BUEN AVENTURA,CIUDAD DE MÉXICO,19.288482,-99.114098,cdmx_local,21.8,18.03,
OCAVM2766,OCAVM2766-150614,RIO BUEN AVENTURA,LÓTICO (HUMEDAL),41801,2014.0,,,,,,>24000,>24000,40,88,29.89,24.4,33.8,328.91,343.86,41.603,0.222,<0.031,49.258,91.083,90.861,<1,,,,,,,,,<1,,<1,7.363,,1.723,100,,1.145,495.87199999999996,774.8,,,,7.6,,,,,,,,,,,,,0.635,,112,,119,<0.0015,<0.001301,<0.0012,<0.0002013,0.003,<0.00154,0.004,,,,,109.8,21.7,19.3,,,,,,,,247,RIO BUEN AVENTURA,CIUDAD DE MÉXICO,19.288482,-99.114098,cdmx_local,21.7,19.3,
OCAVM2766,OCAVM2766-270714,RIO BUEN AVENTURA,LÓTICO (HUMEDAL),41878,2014.0,,,,,,150,>24000,,94.1,51.8,75.7,350,398.82,471.33,30.924,<0.005,<0.031,27.366,58.29,58.29,<1,,,,,,,,,<1,,<1,7.856,,0.576,25,,1.208,447.36,699,,,,7.9,,,,,,,,,,,,,0.547,,172,,99.25,0.0024,<0.001301,<0.0012,<0.0002013,0.0036,<0.00154,0.006,,,,,157.2,22.5,18.1,,,,,,,,247.5,RIO BUEN AVENTURA,CIUDAD DE MÉXICO,19.288482,-99.114098,cdmx_local,22.5,18.1,
OCAVM2766,OCAVM2766-290315,RIO BUEN AVENTURA,LÓTICO (HUMEDAL),42090,2015.0,,,,,,93,93,<3,147.7,57.84,106.1,163.1,417.91,487.04,41.524113,0.044972,<0.031,26.749462,68.318547,68.273575,1.03,,,,,,,,,6.55,,6.58,4.853939,,2.538551,100,,1.4421,595.84,931,,,,7.5,,,,,,,,,,,,,4.286,,140,,156,<0.0015,<0.001301,0.004404,0.000125,0.003632,0.005488,0.003758,,,,,95.54,20.8,16.2,,,,,,,,617,RIO BUEN AVENTURA,CIUDAD DE MÉXICO,19.288482,-99.114098,cdmx_local,20.8,16.2,
OCAVM2766,OCAVM2766-030515,RIO BUEN AVENTURA,LÓTICO (HUMEDAL),42125,2015.0,,,,,,11000,>24000,210,129.15,45.865,200,280,290.21,301.6,19.77475,0.083338,<0.031,22.072544,41.930632,41.847294000000005,1.51,,,,,,,,,1.75,,1.36,9.080028,,4.63615,5,,1.2829,503.04,786,,,,7.9,,,,,,,,,,,,,2.09,,176,,147,<0.0015,<0.001301,0.004203,0.000127,0.00351,0.004597,0.003512,,,,,125.43,23.2,18.6,,,,,,,,489,RIO BUEN AVENTURA,CIUDAD DE MÉXICO,19.288482,-99.114098,cdmx_local,23.2,18.6,
OCAVM2766,OCAVM2766-070615,RIO BUEN AVENTURA,LÓTICO (HUMEDAL),42160,2015.0,,,,,,110,>24000,110,119.85,34.68,67.28,111.74,250.48,445.1,14.657025,0.054219,0.378969,72.824664,87.914877,87.481689,1.03,,,,,,,,,1.23,,<1,8.71649,,3.434601,125,,1.1998,440.32,688,,,,8.0,,,,,,,,,,,,,2.8972,,132,,52.9,<0.0015,<0.001301,0.004659,<0.0002013,0.007275,<0.00154,0.001478,,,,,158.6,22.1,19.3,,,,,,,,1149,RIO BUEN AVENTURA,CIUDAD DE MÉXICO,19.288482,-99.114098,cdmx_local,22.1,19.3,
OCAVM2766,OCAVM2766-120715,RIO BUEN AVENTURA,LÓTICO (HUMEDAL),42191,2015.0,,,,,,4600,>24000,150,92.04,45.3,140.4,190.4,233.77,436.54,48.260124,0.058164,7.091616,39.072502,94.482406,87.332626,3.84,,,,,,,,,7.11,,6.53,7.110042,,5.350169,100,,1.2643,1118.72,1748,,,,7.7,,,,,,,,,,,,,5.2535,,120,,91,<0.0015,<0.001301,0.001927,<0.0002013,0.001725,0.007025,0.002943,,,,,107.38,23.1,21.5,,,,,,,,,RIO BUEN AVENTURA,CIUDAD DE MÉXICO,19.288482,-99.114098,cdmx_local,23.1,21.5,
OCAVM2766,OCAVM2766-160815,RIO BUEN AVENTURA,LÓTICO (HUMEDAL),42247,2015.0,,,,,,>24000,>24000,2100,107.4,49.92,65.3,228.5,139.31,535.81,29.605843,0.067197,0.207939,34.565422,64.446401,64.171265,<1,,,,,,,,,<1,,<1,7.433482,,4.584719,75,,1.1055,802.5600000000001,1254,,,,7.4,,,,,,,,,,,,,4.9904,,122,,126.5,<0.0015,0.000362,0.003115,<0.0002013,0.002891,0.003882,0.005752,,,,,126.05,25.5,20.2,,,,,,,,,RIO BUEN AVENTURA,CIUDAD DE MÉXICO,19.288482,-99.114098,cdmx_local,25.5,20.2,
OCAVM2766,OCAVM2766-220215,RIO BUEN AVENTURA,LÓTICO (HUMEDAL),42286,2015.0,,,,,,>24000,>24000,280,44.521,26.318,72.5,129.5,74.65,231.15,20.994354,0.038278,<0.031,18.720112,39.752744,39.714466,<1,,,,,,,,,7.86,,7.46,5.277887,,3.680783,50,,0.7648,453.12,708,,,,7.5,,,,,,,,,,,,,4.396,,68,,74.5,<0.0015,0.000456,0.002118,<0.0002013,0.00562,0.002806,0.003479,,,,,124.36,18.9,18.8,,,,,,,,933,RIO BUEN AVENTURA,CIUDAD DE MÉXICO,19.288482,-99.114098,cdmx_local,18.9,18.8,
OCAVM2766,OCAVM2766-200316,RIO BUEN AVENTURA,LÓTICO (HUMEDAL),42449,2016.0,,,,,,>24000,>24000,>24000,61.04,28.85,35.5,110.5,115,262.15,28.594786,0.041411,0.043034,4.559496,33.238727,33.154282,<1,,,,,,,,,1.52,,<1,4.593707,,4.091586,35,,0.7644,488.96000000000004,764,,,,7.8,,,,,,,,,,,,,4.669,,66,,28.8,<0.0015,<0.001301,0.002554,0.000167,0.007609,0.008488,0.0052,,,,,143.97,25.3,18.1,,,,,,,,,RIO BUEN AVENTURA,CIUDAD DE MÉXICO,19.288482,-99.114098,cdmx_local,25.3,18.1,
OCAVM2766,OCAVM2766-080516,RIO BUEN AVENTURA,LÓTICO (HUMEDAL),42494,2016.0,,,,,,>24000,>24000,150,127,42.34,97.8,297.5,143.16,596.9,25.863651,0.042886,0.18652,16.034897,42.127954,41.898548000000005,1.56,,,,,,,,,10.06,,10.92,7.787189,,5.710171,20,,1.5648,533.76,834,,,,7.5,,,,,,,,,,,,,3.166,,250,,214,<0.0015,<0.001301,0.003289,0.000201,0.005009,<0.00154,0.0063,,,,,115.48,24.9,20.6,,,,,,,,,RIO BUEN AVENTURA,CIUDAD DE MÉXICO,19.288482,-99.114098,cdmx_local,24.9,20.6,
OCAVM2766,OCAVM2766-190616,RIO BUEN AVENTURA,LÓTICO (HUMEDAL),42545,2016.0,,,,,,>24000,>24000,>24000,76.38,24.75,51.5,118.5,244.82,436.17,26.472019,0.695647,6.801438,45.135868,79.104972,71.607887,<1,,,,,,,,,7.41,,6.54,6.270984,,3.32476,20,,,46.272,72.3,,,,7.5,,,,,,,,,,,,,4.217,,105,,87.085,<0.0015,0.000486,0.001953,0.000189,0.004177,<0.00154,0.0121,,,,,185.78,19.4,19.1,,,,,,,,,RIO BUEN AVENTURA,CIUDAD DE MÉXICO,19.288482,-99.114098,cdmx_local,19.4,19.1,
OCAVM2766,OCAVM2766-070816,RIO BUEN AVENTURA,LÓTICO (HUMEDAL),42585,2016.0,,,,,,>241960,>241960,>241960,87.18,45.14,70,185,173.49,379.88,52.831165,0.045477,3.145562,10.814354,66.836558,63.645519,<1,,,,,,,,,5.42,,4.22,5.762052,,3.931499,20,,1.1318,466.56,729,,,,8.2,,,,,,,,,,,,,7.074,,167,,123.905,<0.0015,<0.001301,0.001862,<0.0002013,0.003381,0.003494,0.005786,,,,,131.16,24.4,20.6,,,,,,,,,RIO BUEN AVENTURA,CIUDAD DE MÉXICO,19.288482,-99.114098,cdmx_local,24.4,20.6,
OCAVM2766,OCAVM2766-110916,RIO BUEN AVENTURA,LÓTICO (HUMEDAL),42653,2016.0,,,,,,>24000,>24000,30,44.96,34.36,53.5,113.5,83.92,241.43,53.310448,0.017849,<0.031,6.080604,59.408901,59.391052,<1,,,,,,,,,4.01,,3.53,4.302658,,2.057278,20,,0.8622,510.72,798,,,,7.7,,,,26.3,2.09,,,,,,,,3.0676,,98,,68.957,<0.0015,0.000706,0.001701,<0.0002013,0.00282,0.002327,0.003268,,,,,185.22,19.8,18.8,,,,,,,,,RIO BUEN AVENTURA,CIUDAD DE MÉXICO,19.288482,-99.114098,cdmx_local,19.8,18.8,
OCAVM2766,OCAVM2766-161016,RIO BUEN AVENTURA,LÓTICO (HUMEDAL),42681,2016.0,,,,,,>24000,>24000,15,97.15,42.88,89,276,156.65,478.66,45.499565,0.006396,<0.031,58.989342,104.495303,104.488907,1.77,,,,,,,,,2.22,,1.77,9.932002,,6.361203,25,,1.316,500.48,782,,,,7.8,,,,22.3,1.55,,,,,,,,6.003,,210,,170.942,<0.0015,0.000414,0.003206,9e-05,0.00263,0.006892,0.003069,,,,,113.45,28.6,18.0,,,,,,,,,RIO BUEN AVENTURA,CIUDAD DE MÉXICO,19.288482,-99.114098,cdmx_local,28.6,18.0,
OCAVM2766,OCAVM2766-120317,RIO BUEN AVENTURA,LÓTICO (HUMEDAL),42802,2017.0,,,,,,>24196,>24196,>24196,30.064,11.268,37.14,118.98,49.57,138.68,14.87307,0.42617,0.2136,35.25545,50.76829000000001,50.12852,<1,,,,,,,,,<1,<1,,6.86906,,1.27701,60,,0.149,225.28,352,,,,7.5,,,,63.9,4.7,,,,,,,,5.048,,36.25,,20,<0.0015,<0.001301,<0.0012,<0.0002013,<0.00042,<0.00154,0.001,,,,,85.29,20.0,16.9,,,,,,,,,RIO BUEN AVENTURA,CIUDAD DE MÉXICO,19.288482,-99.114098,cdmx_local,20.0,16.9,
OCAVM2766,OCAVM2766-230417,RIO BUEN AVENTURA,LÓTICO (HUMEDAL),42844,2017.0,,,,,,>2419600,>2419600,>2419600,45.384,43.848,41.87,391,203.24,570,51.59157,<0.005,<0.031,5.8782,57.46977,57.46977,3.97,,,,,,,,,1.71,2,,9.28612,,4.00003,300,,0.272,493.44,771,,,,8.0,,,,<10,<1,,,,,,,,7.944,,160,,125,<0.0015,<0.001301,0.0117,0.00013,0.0109,<0.00154,0.0015,,,,,114.1,25.0,19.3,,,,,,,,525.2,RIO BUEN AVENTURA,CIUDAD DE MÉXICO,19.288482,-99.114098,cdmx_local,25.0,19.3,
OCAVM2766,OCAVM2766-280517,RIO BUEN AVENTURA,LÓTICO (HUMEDAL),42874,2017.0,,,,,,>2419600,>2419600,>2419600,78.74,39.836,85.49,452.99,125.23,700.16,46.24816,0.00622,0.04076,17.24849,63.54362999999999,63.49665,4.17,,,,,,,,,2.99,3.63,,11.06547,,3.97437,100,,0.549,501.12,783,,,,7.5,,,,<10,<1,,,,,,,,8.958,,231.25,,210,<0.0015,<0.001301,0.00655,0.000134,0.00431,<0.00154,0.001,,,,,119.18,26.0,22.9,,,,,,,,451.9,RIO BUEN AVENTURA,CIUDAD DE MÉXICO,19.288482,-99.114098,cdmx_local,26.0,22.9,
OCAVM2766,OCAVM2766-090717,RIO BUEN AVENTURA,LÓTICO (HUMEDAL),42930,2017.0,,,,,,>24196,>24196,>24196,61.365,53.513,88,333,121.44,485.13,51.390411,0.005147,0.043932,14.788193,66.227683,66.178604,<1,,,,,,,,,2.9,2.03,,8.60621,,6.7629,130,,0.481,570.88,892,,,,7.9,,,,15.6,1.07,,,,,,,,3.972,,148,,95,<0.0015,<0.001301,<0.0012,<0.0002013,<0.00042,<0.00154,0.0057,,,,,130.98,25.0,20.5,,,,,,,,781.8,RIO BUEN AVENTURA,CIUDAD DE MÉXICO,19.288482,-99.114098,cdmx_local,25.0,20.5,
OCAVM2766,OCAVM2766-130817,RIO BUEN AVENTURA,LÓTICO (HUMEDAL),42967,2017.0,,,,,,>24196,>24196,>24196,52.011,41.649,,243.45,100.28,328.33,42.28643,0.008782,0.349891,8.614796,51.259899,50.901226,<1,,,,,,,,,<1,<1,,6.37836,,2.8698,130,,0.254,480,750,,,,8.1,,,,<10,<1,,,,,,,,6.45,,121.05,,75,<0.0015,<0.001301,0.0075,0.000121,0.0062,<0.00154,0.0037,,,,,102.18,25.0,21.4,,,,,,,,1030,RIO BUEN AVENTURA,CIUDAD DE MÉXICO,19.288482,-99.114098,cdmx_local,25.0,21.4,
OCAVM2766,OCAVM2766-240917,RIO BUEN AVENTURA,LÓTICO (HUMEDAL),43018,2017.0,,,,,,>2419600,>2419600,>2419600,7.35,7.35,5.25,25.06,96.36,557.44,32.51781,0.00637,0.06225,18.1603,50.74672999999999,50.67811,1.78,,,,,,,,,2.52,2.73,,7.609,,3.2941,150,,0.043,496.64,776,,,,7.8,,,,15.8,1.11,,,,,,,,0.028,,130.56,,90,<0.0015,<0.001301,0.0082,9.1e-05,0.0049,<0.00154,0.0047,,,,,102.45,26.0,19.2,,,,,,,,830.2,RIO BUEN AVENTURA,CIUDAD DE MÉXICO,19.288482,-99.114098,cdmx_local,26.0,19.2,
OCAVM2766,OCAVM2766-110218,RIO BUEN AVENTURA,LÓTICO (HUMEDAL),43137,2018.0,,,,,,>2419600,>2419600,>2419600,66.88,34.07,<2,408.88,97.56,498.2,31.983322,0.007049,0.062025,18.26768,50.320076,50.251002,<1,,,,,,,,,1.94,2,,8.29332,,3.98278,100,,0.539,549.12,858,,,,7.7,,,,15.1,1.06,,,,,,,,9.46,,120,,90,0.00649,<0.001301,0.00724,<0.0002013,0.01151,<0.00154,<0.001,,,,,161.887,26.0,19.5,,,,,,,,939.1,RIO BUEN AVENTURA,CIUDAD DE MÉXICO,19.288482,-99.114098,cdmx_local,26.0,19.5,
OCAVM2766,OCAVM2766-080418,RIO BUEN AVENTURA,LÓTICO (HUMEDAL),43194,2018.0,,,,,,>2419600,>2419600,>2419600,,,,,,,29.147188,0.006485,<0.031,25.64632,54.799993,54.793508,1.26,,,,,,,,,3.61,3.79,,8.51873,,6.10928,200,,0.29,526.08,822,,,,8.1,,,,<10,<1,,,,,,,,36.48,,195,,140,<0.0015,<0.001301,0.0102,0.000185,0.0072,<0.00154,0.0026,,,,,102.648,26.0,24.2,,,,,,,,1087.6,RIO BUEN AVENTURA,CIUDAD DE MÉXICO,19.288482,-99.114098,cdmx_local,26.0,24.2,
OCAVM2766,OCAVM2766-290718,RIO BUEN AVENTURA,LÓTICO (HUMEDAL),43315,2018.0,,,,,,>24196000,>24196000,>24196000,72.26,60.08,72.36,229.36,93.76,542.35,31.050129,0.008315,<0.031,11.5491,42.607544,42.599228999999994,1.53,,,,,,,,,14.93,13.34,,6.42966,,3.89651,250,,0.265,567.04,886,,,,7.6,,,,24.5,1.67,,,,,,,,1.806,,95,,60,<0.0015,<0.001301,0.005,0.000213,0.1997,<0.00154,0.0058,,,,,155.863,22.3,22.2,,,,,,,,890,RIO BUEN AVENTURA,CIUDAD DE MÉXICO,19.288482,-99.114098,cdmx_local,22.3,22.2,
OCAVM2766,OCAVM2766-091218,RIO BUEN AVENTURA,LÓTICO (HUMEDAL),43439,2018.0,,,,,,>24196000,>24196000,19863000,36.808,35.18,68.05,218.25,68.95,259.9,29.685043,<0.005,<0.031,5.48919,35.174233,35.174233,<1,,,,,,,,,<1,<1,,5.25484,,3.47259,130,,0.219,450.56,704,,,,8.4,,,,26.9,1.96,,,,,,,,8.62,,105.71,,60,0.0068,<0.001301,0.0234,<0.0002013,0.0108,<0.00154,0.0024,,,,,381.772,25.9,19.0,,,,,,,,952,RIO BUEN AVENTURA,CIUDAD DE MÉXICO,19.288482,-99.114098,cdmx_local,25.9,19.0,
OCAVM2766,OCAVM2766-310319,RIO BUEN AVENTURA,LÓTICO (HUMEDAL),43531,2019.0,,,,,,>24196000,>24196000,>24196000,46.95,40.04,60,156.75,80.43,250.86,29.394451,<0.005,0.06045,19.23042,48.685321,48.624871,<1,,,,,,,,,1.64,1.83,,6.53543,,3.87751,100,,0.309,455.04,711,,,,7.8,,,,<10,<1,,,,,,,,2.654,,126.67,,90,<0.0015,<0.001301,0.0086,<0.0002013,0.0125,0.0246,0.0071,,,,,159.744,27.2,20.1,,,,,,,,3095.5,RIO BUEN AVENTURA,CIUDAD DE MÉXICO,19.288482,-99.114098,cdmx_local,27.2,20.1,
OCAVM2766,OCAVM2766-210822,RIO BUEN AVENTURA,LÓTICO (HUMEDAL),44791,2022.0,,,,,,>2400,,>2400,,,,258.7,,324.15,,,,,,,<1,,,,,,,,,4.35,3.75,,,,,,,,476.8,745,,,,7.7,,,,<10,<1,,,,,,,,,,156,,,,,,,,,,,,,,,26.0,20.0,,,,,,,,230,RIO BUEN AVENTURA,CIUDAD DE MÉXICO,19.288482,-99.114098,cdmx_local,26.0,20.0,
OCAVM2766,OCAVM2766-080223,RIO BUEN AVENTURA,LÓTICO (HUMEDAL),44965,2023.0,0,445.95,0,445.946,,,,,,,,450,,884.21,,<0.01,,,,,,,,,,,,,,,,,,,2.891,,,,588,900,,,,7.51,,,,,,,,,,,,,9.56,53.469,204,,,,,,,,,,,,,,119.27,26.1,19.6,,,,,,,,,RIO BUEN AVENTURA,CIUDAD DE MÉXICO,19.288482,-99.114098,cdmx_local,26.1,19.6,
OCAVM2767,OCAVM2767-280413,CUARTO DINAMO,LÓTICO,41391,2013.0,,,,,,4600,4600,4600,,4.5287,<2,<2,<10,,0.55,<0.005,0.1647,1.94,2.6547,2.49,<1,,,,,<1,,,,<1,<1,,0.2244,,0.688,<5,,0.021,56.512,88.3,,,,7.43,,,,56.95,5.4,,,,,,,,,,13,,<2.5,<0.0015,<0.001301,<0.0012,<0.0002013,<0.00042,<0.00154,,,,,,37.63,15.4,10.8,,,,,,,,9,CUARTO DINAMO,CIUDAD DE MÉXICO,19.2656,-99.2941,cdmx_local,15.4,10.8,
OCAVM2767,OCAVM2767-140713,CUARTO DINAMO,LÓTICO,41467,2013.0,,,,,,230,4600,230,8.2612,5.1246,9.2,9.9,<10,<10,<0.0035,<0.005,<0.031,,,,<1,,,,,<1,,,,<1,,,<0.0014,<0.00306,<0.0015,<5,,0.042,48,75,,,,7.62,,,,70.3,6.7,,,,,,,,,,<10,,<2.5,<0.0015,<0.001301,<0.0012,<0.0002013,<0.00042,<0.00154,,,,,,33.33,11.2,10.3,,,,,,,,1152,CUARTO DINAMO,CIUDAD DE MÉXICO,19.2656,-99.2941,cdmx_local,11.2,10.3,
OCAVM2767,OCAVM2767-250813,CUARTO DINAMO,LÓTICO,41507,2013.0,,,,,,430,430,430,2.9881,1.5326,2.67,3.93,<10,<10,1.18,<0.005,0.2553,0.59,2.0253,1.77,<1,,,,,<1,,,,<1,,,<0.0014,<0.00306,<0.0015,5,,0.038,34.752,54.3,,,,8.0,,,,92.55,6.8,,,,,,,,,,<10,,<2.5,<0.0015,<0.001301,<0.0012,0.0014,<0.00042,<0.00154,,,,,,28.3,14.0,12.7,,,,,,,,1119.3,CUARTO DINAMO,CIUDAD DE MÉXICO,19.2656,-99.2941,cdmx_local,14.0,12.7,
OCAVM2767,OCAVM2767-130414,CUARTO DINAMO,LÓTICO,41732,2014.0,,,,,,40,40,40,3.132,2.728,2,2.4,13.78,20.17,0.175,0.02,0.354,0.775,1.3239999999999998,0.95,<1,,,,,,,,,<1,,<1,0.077,,0.04,5,,0.029,44.032,68.8,,,,7.5,,,,81,5.8,,,,,,,,0.095,,<10,<0.0002,<2.5,<0.0015,<0.001301,<0.0012,<0.0002013,<0.00042,<0.00154,<0.001,,,,,30.3,17.4,11.7,,,,,,,,54.2,CUARTO DINAMO,CIUDAD DE MÉXICO,19.2656,-99.2941,cdmx_local,17.4,11.7,
OCAVM2767,OCAVM2767-010614,CUARTO DINAMO,LÓTICO,41787,2014.0,,,,,,40,90,40,1.014,0.978,<2,2.6,<10,<10,0.023,0.031,0.332,0.072,0.458,0.095,<1,,,,,,,,,<1,,<1,0.041,,0.021,15,,0.323,48,75,,,,7.5,,,,69.4,5.2,,,,,,,,<0.01,,<10,,<2.5,<0.0015,<0.001301,<0.0012,<0.0002013,<0.00042,<0.00154,<0.001,,,,,41.4,18.1,12.0,,,,,,,,80.7,CUARTO DINAMO,CIUDAD DE MÉXICO,19.2656,-99.2941,cdmx_local,18.1,12.0,
OCAVM2767,OCAVM2767-310814,CUARTO DINAMO,LÓTICO,41880,2014.0,,,,,,<3,<3,<3,1.237,1.105,<2,2.6,<10,<10,0.093,0.033,0.322,0.274,0.722,0.367,<1,,,,,,,,,<1,,<1,17.179,,0.054,10,,<0.009,49.792,77.8,,,,8.0,,,,42.3,4.6,,,,,,,,<0.01,,<10,,<2.5,<0.0015,<0.001301,<0.0012,<0.0002013,<0.00042,<0.00154,<0.001,,,,,34.2,15.0,7.2,,,,,,,,363.9,CUARTO DINAMO,CIUDAD DE MÉXICO,19.2656,-99.2941,cdmx_local,15.0,7.2,
OCAVM2767,OCAVM2767-261014,CUARTO DINAMO,LÓTICO,41922,2014.0,,,,,,>24000,>24000,>24000,0.792,<0.103,8.4,18,21.9,35.22,0.697,0.042,1.277,0.026,2.042,0.723,<1,,,,,,,,,<1,,<1,23.288,,0.103,15,,0.026,397.24800000000005,620.7,,,,6.0,,,,67.3,8.3,,,,,,,,<0.01,,14,,<2.5,<0.0015,<0.001301,<0.0012,<0.0002013,<0.00042,<0.00154,<0.001,,,,,218.5,10.6,9.7,,,,,,,,575.9,CUARTO DINAMO,CIUDAD DE MÉXICO,19.2656,-99.2941,cdmx_local,10.6,9.7,
OCAVM2767,OCAVM2767-010315,CUARTO DINAMO,LÓTICO,42058,2015.0,,,,,,<3,<3,<3,0.577,<0.103,2.28,2.61,19.82,25.49,0.3764,0.093,0.3272,,,,<1,,,,,,,,,<1,,<1,4.5017,,<0.0015,15,,<0.009,476.8,745,,,,7.2,,,,,,,,,,,,,<0.01,,12,,<2.5,<0.0015,<0.001301,<0.0012,<0.0002013,<0.00042,<0.00154,<0.001,,,,,31.31,26.2,20.2,,,,,,,,166.9,CUARTO DINAMO,CIUDAD DE MÉXICO,19.2656,-99.2941,cdmx_local,26.2,20.2,
OCAVM2767,OCAVM2767-050415,CUARTO DINAMO,LÓTICO,42096,2015.0,,,,,,210,230,210,1.236,<0.103,2.03,3.96,<10,<10,0.3981,0.0257,0.5248,0.4273,1.3759000000000001,0.8254,<1,,,,,,,,,<1,,<1,0.3858,,<0.0015,10,,0.0212,476.8,745,,,,7.1,,,,,,,,,,,,,0.0515,,<10,,<2.5,<0.0015,<0.001301,<0.0012,<0.0002013,<0.00042,<0.00154,<0.001,,,,,44,20.1,18.1,,,,,,,,153.2,CUARTO DINAMO,CIUDAD DE MÉXICO,19.2656,-99.2941,cdmx_local,20.1,18.1,
OCAVM2767,OCAVM2767-280216,CUARTO DINAMO,LÓTICO,42437,2016.0,,,,,,<3,<3,<3,<0.103,<0.103,2.34,3.06,<10,<10,0.1567,<0.005,0.0856,3.7814,4.0237,3.9381,<1,,,,,,,,,<1,,<1,1.3941,,0.0504,10,,0.0177,428.8,670,,,,7.1,,,,,,,,,,,,,<0.01,,60,,<2.5,<0.0015,<0.001301,<0.0012,<0.0002013,<0.00042,<0.00154,<0.001,,,,,35.3,20.2,13.8,,,,,,,,229.5,CUARTO DINAMO,CIUDAD DE MÉXICO,19.2656,-99.2941,cdmx_local,20.2,13.8,
OCAVM2767,OCAVM2767-210816,CUARTO DINAMO,LÓTICO,42607,2016.0,,,,,,110,140,110,0.808,0.586,2.97,3.48,33.12,95.52,<0.0035,<0.005,0.1775,0.4442,0.6216999999999999,0.4442,<1,,,,,,,,,<1,,<1,0.0639,,0.0461,10,,0.0239,39.68,62,,,,7.2,,,,81.1,5.98,,,,,,,,0.1105,,<10,,<2.5,<0.0015,<0.001301,<0.0012,<0.0002013,<0.00042,<0.00154,<0.001,,,,,81.67,15.4,12.7,,,,,,,,229.1,CUARTO DINAMO,CIUDAD DE MÉXICO,19.2656,-99.2941,cdmx_local,15.4,12.7,
OCAVM2767,OCAVM2767-050317,CUARTO DINAMO,LÓTICO,42795,2017.0,,,,,,>24000,>24000,>24000,0.727,<0.103,2.46,4.59,<10,<10,0.0241,0.0104,0.0839,0.4025,0.5209,0.42660000000000003,<1,,,,,,,,,<1,,<1,0.08,,0.0304,15,,<0.009,41.3888,64.67,,,,7.6,,,,85.4,6.43,,,,,,,,0.166,,16,,<2.5,<0.0015,<0.001301,<0.0012,<0.0002013,<0.00042,<0.00154,<0.001,,,,,52.83,19.7,12.1,,,,,,,,689.3,CUARTO DINAMO,CIUDAD DE MÉXICO,19.2656,-99.2941,cdmx_local,19.7,12.1,
OCAVM2767,OCAVM2767-090417,CUARTO DINAMO,LÓTICO,42831,2017.0,,,,,,>24000,>24000,>24000,0.725,0.722,2.52,3.6,<10,<10,0.2492,<0.005,<0.031,0.3182,0.5674,0.5674,<1,,,,,,,,,<1,,<1,0.0394,,0.0288,10,,0.015,49.92,78,,,,8.3,,,,81.9,6.26,,,,,,,,<0.01,,<10,,<2.5,<0.0015,<0.001301,<0.0012,<0.0002013,<0.00042,<0.00154,<0.001,,,,,51.27,17.0,11.3,,,,,,,,70.7,CUARTO DINAMO,CIUDAD DE MÉXICO,19.2656,-99.2941,cdmx_local,17.0,11.3,
OCAVM2767,OCAVM2767-020717,CUARTO DINAMO,LÓTICO,42915,2017.0,,,,,,70,110,70,1.299,0.971,12.3,15.9,22.4,30.8,0.1165,<0.005,0.0521,0.3989,0.5675,0.5154,<1,,,,,,,,,<1,,<1,0.0733,,<0.0015,20,,0.065,51.84,81,,,,7.8,,,,63.4,4.61,,,,,,,,0.058,,16,,<2.5,<0.0015,<0.001301,<0.0012,<0.0002013,<0.00042,<0.00154,<0.001,,,,,68.41,14.0,13.0,,,,,,,,164.7,CUARTO DINAMO,CIUDAD DE MÉXICO,19.2656,-99.2941,cdmx_local,14.0,13.0,
OCAVM2767,OCAVM2767-100917,CUARTO DINAMO,LÓTICO,42984,2017.0,,,,,,40,70,40,1.274,0.999,3.48,4.74,63.59,73.59,0.0426,<0.005,0.2634,0.1317,0.4377000000000001,0.1743,<1,,,,,,,,,<1,,<1,0.0451,,0.0198,10,,0.024,160,250,,,,6.7,,,,98,7.6,,,,,,,,<0.01,,16,,<2.5,<0.0015,<0.001301,0.0024,<0.0002013,<0.00042,0.0179,<0.001,,,,,<20,11.0,10.0,,,,,,,,541,CUARTO DINAMO,CIUDAD DE MÉXICO,19.2656,-99.2941,cdmx_local,11.0,10.0,
OCAVM2767,OCAVM2767-280118,CUARTO DINAMO,LÓTICO,43122,2018.0,,,,,,30,40,30,<0.103,<0.103,6.36,7.2,56.58,75.77,0.3767,0.026,0.3923,0.1696,0.9645999999999999,0.5463,<1,,,,,,,,,<1,,<1,0.0746,,0.0439,5,,0.012,139.52,218,,,,7.1,,,,43.1,3.25,,,,,,,,<0.01,,16,,<2.5,<0.0015,<0.001301,<0.0012,<0.0002013,<0.00042,<0.00154,<0.001,,,,,46.91,13.0,9.0,,,,,,,,124.4,CUARTO DINAMO,CIUDAD DE MÉXICO,19.2656,-99.2941,cdmx_local,13.0,9.0,
OCAVM2767,OCAVM2767-080418,CUARTO DINAMO,LÓTICO,43192,2018.0,,,,,,70,390,70,<0.103,<0.103,8.58,11.22,35.52,43.2,0.225,0.0103,0.1016,0.1267,0.4636,0.3517,<1,,,,,,,,,<1,<1,<1,0.5817,,0.0443,5,,0.021,45.632,71.3,,,,8.5,,,,78,6.01,,,,,,,,0.101,,16,,<2.5,<0.0015,<0.001301,<0.0012,<0.0002013,<0.00042,<0.00154,<0.001,,,,,56.68,22.0,11.3,,,,,,,,204.7,CUARTO DINAMO,CIUDAD DE MÉXICO,19.2656,-99.2941,cdmx_local,22.0,11.3,
OCAVM2767,OCAVM2767-091218,CUARTO DINAMO,LÓTICO,43437,2018.0,,,,,,210,430,210,1.738,0.89,30.06,32.94,31.46,34.85,0.1025,<0.005,0.2766,0.3384,0.7175,0.44089999999999996,<1,,,,,,,,,<1,<1,<1,0.0985,,0.0519,30,,0.017,49.28,77,,,,7.9,,,,103,8.12,,,,,,,,0.283,,24,,<2.5,<0.0015,<0.001301,<0.0012,<0.0002013,<0.00042,<0.00154,<0.001,,,,,46.91,12.0,10.0,,,,,,,,164.8,CUARTO DINAMO,CIUDAD DE MÉXICO,19.2656,-99.2941,cdmx_local,12.0,10.0,
OCAVM2767,OCAVM2767-150221,CUARTO DINAMO,LÓTICO,44242,2021.0,,,,,,80,1100,,,,,2.2,,<10,,<0.021,,,,,,,,,,,,,,,,,,,,,,,50,78,,,,7.8,,,,,2,,,,,12.04,0.1,<0.0015,<0.05,<15,<10,,,,,,,,,,,,,8.84,44.18,20.0,16.4,,,,,,,,,CUARTO DINAMO,CIUDAD DE MÉXICO,19.2656,-99.2941,cdmx_local,20.0,16.4,
OCAVM2767,OCAVM2767-170521,CUARTO DINAMO,LÓTICO,44333,2021.0,,,,,,40,210,,,,,2.4,,<10,,<0.021,,,,,,,,,,,,,,,,,,,,,,,38,78,,,,7.64,,,,,2,,,,,10.03,<0.025,<0.0015,<0.05,<15,16,,,,,,,,,,,,,9.64,50.2,24.0,14.9,,,,,,,,,CUARTO DINAMO,CIUDAD DE MÉXICO,19.2656,-99.2941,cdmx_local,24.0,14.9,
OCAVM2767,OCAVM2767-111223,CUARTO DINAMO,LÓTICO,45271,2023.0,,,,,,18,631,12,,,,,,,,,,,,,,,,,,,,,,,,,,,,,,,,81,,,,7.6,,,,,7.88,,,,,,,,,,,,6,<0.002,<0.001,<0.002,0.0006,<0.002,<0.002,,,,,,,26.27976982331438,8.0,,,,,,,,,CUARTO DINAMO,CIUDAD DE MÉXICO,19.2656,-99.2941,cdmx_local,,8.0,
SITIO NUEVO 1,SITIO NUEVO 1-240822,RÍO ESLAVA 2,LÓTICO,44797,2022.0,,,,,,960600000,3784000000,38770000,119.16,63.71,171,311,102.03,570.17,54.8,,,7,,61.8,,,,,,,,,,,,,7.92,,5.79,100,,,428.5,929,,,,7.9,,,,,<1,,,,,,,,4.1693,,79,,227,<0.002,<0.001,<0.002,<0.0001,<0.002,0.0136,<0.003,,,,,119.7,25.408103756044614,18.0,,,,,,,,,RÍO ESLAVA 2,CIUDAD DE MÉXICO,19.30249,-99.237068,cdmx_local,,18.0,
SITIO NUEVO 1,SITIO NUEVO 1-111223,RÍO ESLAVA 2,LÓTICO,45271,2023.0,,,,,,155310000,360900000,51720000,,,,,,,,,,,,,,,,,,,,,,,,,,,,,,,,1420,,,,7.1,,,,,0.5,,,,,,,,,,,,398,<0.002,<0.001,0.01,0.001,<0.002,<0.05,,,,,,,26.234455230174813,15.0,,,,,,,,,RÍO ESLAVA 2,CIUDAD DE MÉXICO,19.30249,-99.237068,cdmx_local,,15.0,
SITIO NUEVO 3,SITIO NUEVO 3-280622,SEGUNDO DINAMO,LÓTICO,44740,2022.0,,,,,,914,6867,373,<3.28,<3.28,<2,2.1,<10,<10,<0.006,,,1.2,,1.2,,,,,,,,,,,,,<0.08,,<0.08,20,,,86,82.3,,,,7.33,,,,,,,,,,,,,<0.02,,15,,7,<0.002,<0.001,<0.002,<0.0001,<0.002,<0.002,<0.003,,,,,32.7981,25.32069003384602,13.0,,,,,,,,,SEGUNDO DINAMO,CIUDAD DE MÉXICO,19.28502,-99.27319,cdmx_local,,13.0,
SITIO NUEVO 3,SITIO NUEVO 3-240822,SEGUNDO DINAMO,LÓTICO,44797,2022.0,,,,,,79,2878,12,<3.28,<3.28,4.8,5.8,<10,<10,<0.006,,,0.6,,0.6,,,,,,,,,,,,,<0.08,,<0.08,2.5,,,86.2,82.5,,,,7.4,,,,,7.23,,,,,,,,0.1253,,5,,31,<0.002,<0.001,<0.002,<0.0001,<0.002,0.0128,<0.003,,,,,30.9,25.32069003384602,13.0,,,,,,,,,SEGUNDO DINAMO,CIUDAD DE MÉXICO,19.28502,-99.27319,cdmx_local,,13.0,
SITIO NUEVO 4,SITIO NUEVO 4-111223,LA CAÑADA,LÓTICO,45271,2023.0,,,,,,980,1750,173,,,,,,,,,,,,,,,,,,,,,,,,,,,,,,,,96,,,,6.2,,,,,8.1,,,,,,,,,,,,42,<0.002,<0.001,<0.002,0.0005,<0.002,<0.002,,,,,,,26.24599611582291,10.0,,,,,,,,,LA CAÑADA,CIUDAD DE MÉXICO,19.29976,-99.25107,cdmx_local,,10.0,
OCAVM2686,OCAVM2686-260224,POZO RN-11 AV. LEANDRO VALLE S/N. COL. DEL MAR,SUBTERRÁNEO,45348,2024.0,0.47,243.18,,242.71,,,,,,,,,,,,0.001,,,,,,,,,,,,,,,,,,,<0.15,,,,,515,,,,7.46,,,,,,,,,,48.93,0.17,<0.024,<0.07,6.96,,,,,,,,,,,,,,,182.18,24.9,24.7,,,,,,,,,POZO RN-11 AV. LEANDRO VALLE S/N. COL. DEL MAR,CIUDAD DE MÉXICO,19.28548,-99.06975,cdmx_local,24.9,24.7,
OCAVM2690,OCAVM2690-260224,POZO RN-18E CAMINO DE OPERACION SUR-RAMAL NETZAHUALCOYOTL,SUBTERRÁNEO,45348,2024.0,0.71,263.1,,262.39,,,,,,,,,,,,0.003,,,,,,,,,,,,,,,,,,,<0.15,,,,,526,,,,6.86,,,,,,,,,,56.61,<0.02,0.237,<0.07,7.84,,,,,,,,,,,,,,,142.57,27.9,26.7,,,,,,,,,POZO RN-18E CAMINO DE OPERACION SUR-RAMAL NETZAHUALCOYOTL,CIUDAD DE MÉXICO,19.27505,-99.0458,cdmx_local,27.9,26.7,
OCAVM2767,OCAVM2767-080224,CUARTO DINAMO RIO MAGDALENA,LÓTICO,45330,2024.0,0.34,61.56,,61.223,,500,500,,,,,2.4,,3.82,,0.003,,,,,,,,,,,,,,,,,,,0.087,,,,,81,,,,7.77,,,,,,,,,,11.513,<0.02,<0.024,0.06,7.06,,,,,,,,,,,,,,,271.3,25.0,15.5,,,,,,,,,CUARTO DINAMO,CIUDAD DE MÉXICO,19.2656,-99.2941,cdmx_local,25.0,15.5,
OCAVM2767,OCAVM2767-090524,CUARTO DINAMO RIO MAGDALENA,LÓTICO,45421,2024.0,0.24,57.09,,56.85,,9,16,,,,,2.4,,3.9,,<0.004,,,,,,,,,,,,,,,,,,,0.01,,,,74,83,,,,8.39,,,,,,,,,,14.391,0.014,<0.024,0.05,6.373,6,,,,,,,,,,,,,,158.42,29.8,23.0,,,,,,,,,CUARTO DINAMO,CIUDAD DE MÉXICO,19.2656,-99.2941,cdmx_local,29.8,23.0,
OCAVM2691,OCAVM2691-080524,LAGO LOS REYES LAGUNA TLAHUAC,LÉNTICO,45420,2024.0,,488.697,415.44,73.257,,<1,<1,,,,,30.3,,48.3,,0.009,,,,,,,,,,,,,,,,,,,0.058,,,,824,1200,,,,10.13,,,,,,,,,,149.67,0.589,0.547,7.09,20.455,198,,,,,,,,,,,,,,213.86,29.0,27.0,,,,,,,,,LAGO LOS REYES,CIUDAD DE MÉXICO,19.266313,-99.006995,cdmx_local,29.0,27.0,
